generation,peso food,peso poison,raio food,raio poison,average life time
0,0.15083262365146996,-0.09610153165742795,81.35874212529949,79.9310202497914,468.30661082859706
1,1.6767555364206383,-0.9549506035848161,83.89830140290482,69.65566320270888,553.6647058823529
2,2.15291514321714,-1.6164058218000557,83.2527798870566,47.45734283211258,587.7055837563452
3,2.0448564743902087,-1.71688934667272,92.4490772499683,45.80427282932986,602.9508196721312
4,2.0251058938044557,-1.7443219321782657,95.52914243359068,46.489559476298204,604.5443786982248
5,2.016090199526727,-2.091245332149293,95.81580795459647,38.64425252119348,579.6609195402299
6,2.0590976670414496,-2.1251639207348627,107.68712129744964,38.46318979968044,617.0837988826815
7,2.0798279712174588,-2.0647435782524823,112.68391215859515,35.769979830663225,634.5494505494505
8,2.1108784418336883,-2.1008209894325276,109.60105490902384,40.156090204696476,631.3417085427136
9,2.1057110648137902,-2.1368777883031416,114.27335499318595,42.45167242278193,603.56
10,2.0241245738693983,-2.1499685934520496,110.60406198594723,44.578153836865965,647.6056338028169
11,2.128695498934001,-2.159915917705693,113.1229558289803,44.86104518401547,619.0612244897959
12,2.14674486294793,-2.1535085290006135,116.72926895481523,42.64587012162804,568.0995024875622
13,2.2225824461129404,-2.152274749731327,117.88782920646827,46.397282327390805,612.82
14,2.248928695484101,-2.097618669503771,115.68547297925804,45.75892361506559,606.7631578947369
15,2.2346420485076606,-2.128208583750496,117.386950179648,46.29700555843169,641.7197802197802
16,2.192477352922324,-2.134484044528324,113.61160352549315,45.242467203146795,620.929347826087
17,2.217505256073281,-2.1290373662460254,107.05056938219278,48.754199926820895,628.0502793296089
18,2.1940945694407947,-2.108710939985471,104.05711817945843,43.97496622749634,615.6
19,2.191002235402252,-2.1398756721262315,101.97262755495383,44.93226077974298,614.578947368421
20,2.19586690528847,-2.1405909327770303,102.05071362657192,37.38686084902673,587.1067415730337
21,2.2253556627973214,-2.1360379863878123,100.43098529134723,43.71600477792903,642.5179487179487
22,2.2334706171128884,-2.1266493739409387,102.88680480780347,49.454816493627426,611.8762376237623
23,2.2020377475045603,-2.109060449895401,103.34138303508959,53.42048042033694,623.8670212765958
24,2.220650586480428,-2.092489297958313,103.45969866446445,50.136299021122746,612.1467391304348
25,2.210312803155776,-2.1276493105131813,106.29761753786568,46.7885866870044,618.8638743455498
26,2.1982148659867615,-2.107090590976833,106.53513682270729,44.20624506331871,616.1818181818181
27,2.2073658400207403,-2.0864315404910427,109.05762545497427,40.72050414686474,591.5222222222222
28,2.1938144351869933,-2.120038728733089,112.13465431244688,43.27462746197488,615.319587628866
29,2.191709264968236,-2.149341143728205,109.58184229053235,46.43454347403414,622.15625
30,2.1861226175891515,-2.0778321666682604,106.18339403615629,46.06384423731862,614.0
31,2.23017404625019,-2.0569879248677796,105.27633354194307,41.779780766016415,612.0872093023256
32,2.228273029558662,-2.000773035120465,101.03528754565836,46.71803271788955,582.5443786982248
33,2.233132157151662,-1.995180775336799,100.33270641785937,47.43635609709128,643.355
34,2.2397453962203815,-1.9810218718867254,100.35081700054221,49.20262650404173,613.6868686868687
35,2.244595099612264,-1.9934461822114795,101.10993926905564,45.45330849305601,610.6344086021505
36,2.2360700727917604,-2.049012977348804,98.29978505969942,42.75002475441852,617.5808080808081
37,2.2589032975963192,-2.062077988587361,99.94072345863697,42.67327886172462,601.2051282051282
38,2.274438965557021,-2.062401306999482,99.0168847119604,42.94434662043703,599.1273885350319
39,2.329615632259427,-2.1630534016342406,100.1674406557325,38.916991861540644,609.75
40,2.3930600563335904,-2.197351319519781,99.47770437379926,39.224028151314876,620.0437158469946
41,2.4364078260512514,-2.185439195320916,97.82536553922604,36.318861251747094,627.6102564102564
42,2.4785916051985613,-2.161339257974659,101.06518129009906,33.19607378998357,621.0738636363636
43,2.535624338963119,-2.172106945751032,100.01258740933625,30.463645362800527,576.6321243523316
44,2.47001110327185,-2.183328251808048,112.27558042159275,29.26333310660722,625.4924623115578
45,2.493737257136799,-2.1874172358319437,122.06248830948054,27.053993978021424,584.1564245810056
46,2.4302861120135124,-2.2283834202122788,129.4935614097476,27.44638971323441,613.035175879397
47,2.4096446474187476,-2.2349880103945847,144.42460372963384,28.75587033970406,621.2745098039215
48,2.429740326856792,-2.252367126565884,132.16581975094726,30.664870993809593,593.1988304093567
49,2.4707048119187403,-2.2412223649813856,130.94750216452596,28.53120863817196,623.6011235955057
50,2.5565498025196782,-2.2206444903057014,147.16114101318163,33.191345326060905,589.8850574712644
51,2.5840830476507333,-2.2222309491444294,143.81968019225087,33.70440124634177,610.4354838709677
52,2.6596071489688957,-2.2715883671738335,132.9257338814661,34.968973279351765,602.2403846153846
53,2.694612820201123,-2.2608336978251553,139.3972005545775,39.10662634016778,602.875
54,2.6880997871645538,-2.3084552427596874,134.91996726252245,38.381698389372595,589.7970297029703
55,2.681524352064839,-2.3010819876808584,135.4005735119654,43.6383444350281,612.4922279792746
56,2.520839515421743,-2.316611189640755,128.31774880146884,45.35374501425745,611.1294117647059
57,2.541621640847527,-2.3209971784052517,126.2247383392314,46.34619452940232,609.045
58,2.4731086035718057,-2.3111334054564208,134.51852683804154,50.47616470641844,610.9117647058823
59,2.570905431641987,-2.34818134067295,139.0360519312566,55.97819895749759,621.5555555555555
60,2.4245903802751316,-2.2379788684157074,134.64059897616616,57.10717551149156,607.4393063583815
61,2.4785914720139153,-2.239722724024807,134.30190035979982,58.5931462246467,624.467032967033
62,2.5255134358068494,-2.222859869734079,137.54017449461827,59.46419630443002,642.5588235294117
63,2.578925873505288,-2.2835412416727854,144.3812541515685,51.669327764053115,593.9653465346535
64,2.6228951432449996,-2.3369374373056515,151.97512963611092,50.2978700294202,609.9139784946236
65,2.679083459166434,-2.4286907367230146,146.4125474648831,46.27053603941735,630.8294930875576
66,2.714978070724213,-2.413184976264968,145.87931313233847,45.49271523028895,591.3613861386139
67,2.7013587908866503,-2.397600298516993,129.78075146154285,42.794446606578724,624.4631578947368
68,2.727622348991526,-2.4351753636139586,121.6704593182317,44.63768535239122,612.4174757281553
69,2.7412007967687946,-2.488954835108272,119.421554463844,47.96223326535,615.8990384615385
70,2.750368599255643,-2.518730562183836,118.89846302346527,53.08473021320997,637.0537634408602
71,2.794979301667384,-2.5612535985382285,119.77016101024256,55.17272925769329,624.9465240641712
72,2.8707247135270735,-2.5506857898644757,117.9425990225643,54.492279366993415,635.6387434554974
73,2.882985143590958,-2.551039401186653,119.52430406816455,56.71010139945817,638.6481481481482
74,2.88953500766374,-2.5355052318383886,120.58778857268413,53.59005072125398,613.757281553398
75,2.9119443898682205,-2.4785851697899566,122.1633109193363,52.32501025402241,622.7485714285714
76,2.9129602241007078,-2.4963177609029916,125.22092888778974,53.17198962019246,611.5528846153846
77,2.858727438096601,-2.45763857601477,126.3475800513369,53.62290857577887,608.9
78,2.814113548284531,-2.4131581379038796,121.81700519322067,49.043296513735974,589.6766169154229
79,2.7791440895571493,-2.414951755901406,117.80936371179988,47.21535024363027,597.6255924170616
80,2.783039271219352,-2.452034261526152,125.91418800590016,51.590281770717894,596.3697916666666
81,2.83114285483969,-2.522721535944,131.47097079430404,50.595630052850794,609.6685393258427
82,2.8853586032304537,-2.550305851013339,132.99748892852838,50.59842085987609,613.9162790697675
83,2.9385656949220653,-2.552194903340743,135.11647742271867,48.19805864330977,605.9491525423729
84,2.996970165829046,-2.6590579383213275,141.33036223185442,52.20676428934397,633.580310880829
85,3.0330210695767685,-2.6967975278012157,141.0315858656729,54.49394562378722,616.7087912087912
86,3.0169664011344937,-2.6103065683632027,139.72468213698247,56.55552934201503,611.2864864864865
87,3.020997641527117,-2.4935556020879663,135.6149553414836,55.88606670983809,617.7150537634409
88,3.004181718521431,-2.513647965155517,139.2870750490307,56.079919756866914,615.3854748603352
89,3.072541079249822,-2.6207558672917846,136.98921016257995,52.33293972795685,595.5204678362574
90,3.132518871852511,-2.651039412067568,135.3308162252821,49.05204539960538,592.738219895288
91,3.147277068014084,-2.661945855513574,132.35312687285682,52.18124079022484,594.9604519774011
92,3.1777975525472852,-2.660576832756642,125.92603279191903,45.31871846867368,635.3829787234042
93,3.2207117630177713,-2.691997381364073,125.88086230176557,44.671831836513434,623.7929292929293
94,3.304154643386408,-2.696910113848751,124.59205750291716,45.688692018382156,619.1618497109827
95,3.320483685724813,-2.7004582641795465,121.19022452243395,43.850453344385116,625.0325581395349
96,3.3653097533769705,-2.6935696538244525,115.08704166827698,43.85177802770987,624.75
97,3.3348740334478983,-2.679685520643073,112.18610473658404,41.10611125770921,623.1893203883495
98,3.2897171654304196,-2.642409798508396,112.01570722549872,39.101540560323954,607.7755102040817
99,3.253525586676584,-2.6432375778462975,110.46420325552442,36.776772745774466,603.8392857142857
100,3.299562879878664,-2.6378754089321967,109.34211609783969,34.904620103637754,614.6077348066299
101,3.35933068714755,-2.676645303137177,112.63130908386981,30.89807134555928,597.5464480874317
102,3.3561293246732076,-2.6841816748246927,112.51985487078763,31.253785256893536,621.8775510204082
103,3.358628592809467,-2.673451705081801,108.51369258861536,32.299963248422024,593.5077720207254
104,3.4089398810573246,-2.688202992417802,106.46940621004032,32.4414404106065,600.6363636363636
105,3.3925889765654884,-2.643812409924848,109.63155199233694,34.8519904829143,599.4278350515464
106,3.333755985027792,-2.667416742070054,108.86826817692437,35.29781421213265,613.7127659574468
107,3.271867232849736,-2.6744386111187426,107.54379477558399,35.513132067879454,606.9082568807339
108,3.249428827864556,-2.700935134929402,108.43470800412445,34.686213673342344,598.5494505494505
109,3.2493684966612673,-2.722079518291495,105.98553687413934,36.421990315038585,624.0153846153846
110,3.2738664658261647,-2.7180148614646895,100.03919770738202,35.20952268774918,608.1770833333334
111,3.261160056256175,-2.7294778845446976,97.52190358910774,33.37281152711322,615.2046783625731
112,3.2306575553764585,-2.6194539614872134,94.4682121764618,34.01100358508362,626.8248587570622
113,3.1955117529204404,-2.5303315427505506,92.25055408887307,34.630526364683746,618.8279069767442
114,3.213712427306465,-2.4852164448924334,93.91862033287217,34.76280148795426,608.4821428571429
115,3.2063258915963337,-2.4458912137450723,99.94137907112741,34.205256938826366,639.5
116,3.216453866287822,-2.4005130118458933,96.03752049082873,32.90039504655549,616.6941176470589
117,3.2094494545099543,-2.3588353922801577,93.76218763296008,30.255198179555215,599.5282051282052
118,3.2374856717089973,-2.4021716365015378,97.97318909268988,28.04350635296384,622.2409638554217
119,3.272701325838494,-2.4570779334460724,102.98773279414469,28.164397214983584,615.0056818181819
120,3.2987036800909615,-2.515383512344047,101.44066088676483,26.64798751772882,607.6019900497513
121,3.261447521930551,-2.564453823225889,107.3834234855337,25.69577584196686,602.0636363636364
122,3.2422298704342194,-2.6338273669663987,108.97413045099323,26.102652336029113,601.6458333333334
123,3.2301766563375227,-2.601135736061349,108.59138503572082,27.29684020427606,610.9885714285714
124,3.244925271618575,-2.5430264237285556,112.14642693623136,27.741373188981346,608.6136363636364
125,3.2431893208702895,-2.487443633712138,110.7168537186064,29.047380825531327,624.1323529411765
126,3.219356132383946,-2.450523228782033,112.406450226874,36.57127366133989,618.5028248587571
127,3.1931708520024746,-2.474608001691307,111.09607818359024,40.05612692224329,598.8197674418604
128,3.17512509545477,-2.5072976766999613,114.1651863030025,43.28274564944713,625.2324324324325
129,3.166575938678137,-2.5463579911393435,113.85688295708,39.225552765266215,596.1379310344828
130,3.2058808383397026,-2.5739995460080944,114.03888367118012,35.67418740588054,608.135265700483
131,3.2346740602461685,-2.608816243934847,119.39530744159612,35.55815261075982,624.8461538461538
132,3.261302785494985,-2.603962017946933,119.29227480440346,34.02522906279657,622.3068181818181
133,3.2686308262109485,-2.586617207009814,118.2798504048287,31.450194479927386,590.7823834196892
134,3.305829817796572,-2.585582796034013,116.49891517252696,35.05941257121304,597.4384236453202
135,3.347072107313277,-2.6137289340407546,120.19231253810445,42.634180894824624,601.5072463768116
136,3.3409275464477726,-2.6516637079504872,132.83436019963088,47.346892737063804,602.1686046511628
137,3.3067493172750946,-2.6730838918695548,135.1334437038007,52.04965180339038,599.869109947644
138,3.3481365346928427,-2.6686279507813313,134.0992715400079,48.66741889776786,607.3834196891191
139,3.300999678171733,-2.645020931065396,134.79622970401752,47.73519904755326,581.9945652173913
140,3.350603476693525,-2.6444363288150847,131.72414808230158,41.42780963471763,612.6
141,3.34572972954142,-2.6709332511826354,131.31266380554277,42.637012642589866,594.4489795918367
142,3.3686091256237707,-2.676069158856277,128.44690796706982,48.38981036439151,612.075117370892
143,3.3709168225619615,-2.6722928072866106,123.89894153015848,52.332364539932755,617.8381502890173
144,3.33776760465609,-2.626833582930212,118.5019139502137,53.38577858442412,617.016393442623
145,3.4019489984222586,-2.6209438435521246,120.53128558378828,49.16275511413576,598.1940298507462
146,3.4716637735767146,-2.613792874888451,121.02749367405389,38.55436974993399,614.8118279569892
147,3.51626645521293,-2.5765174345718482,121.04660355021093,37.4787063116721,604.7677725118483
148,3.4937981225995127,-2.578709797221795,122.0658296718802,40.06484562382585,630.1488372093023
149,3.506284073666556,-2.630110717626621,123.87494101276323,44.374042125660324,605.3718592964824
150,3.555275098306212,-2.6427613569644772,121.4291567493696,45.95305696240903,608.8181818181819
151,3.6451924362959094,-2.5924743463465676,120.47224102213676,56.47307039228622,608.8385416666666
152,3.6159270600997266,-2.5895145528449777,120.20861654092258,57.35575111982933,598.256038647343
153,3.6047602617454637,-2.6608646352617407,123.32326774810281,66.37070719712274,646.4292452830189
154,3.666226264569055,-2.630272736841973,120.60768694652191,71.01665427941124,626.0098522167488
155,3.6537546816740503,-2.532578430833274,118.57067298448057,80.76157469530935,624.2880434782609
156,3.6946833707147757,-2.4826407482479262,115.05847859644432,75.68481168357839,623.706976744186
157,3.7395433574833046,-2.494436480364705,115.43824198700692,68.08124733525156,609.8186528497409
158,3.7458635248416323,-2.4760725768710325,112.40749702308067,64.10260383802799,635.0
159,3.723658846322896,-2.442217722561073,112.36711724762155,58.343303655307075,649.0744186046512
160,3.8140003328700254,-2.418455392083314,108.96620432409269,50.81018657810731,599.9896907216495
161,3.9366693921076616,-2.4022895866998533,103.10950772792272,51.6788735899938,652.1897435897436
162,3.943339041616889,-2.3204927070491674,106.04927204624798,49.092195614291235,585.5502645502645
163,3.9724173953916857,-2.3331401972898833,105.89902815816252,46.38091330911397,614.7828054298642
164,3.881726975742183,-2.278988029567196,109.28361697379722,48.22308449219992,625.5906735751296
165,3.8732762427519574,-2.2570101347951934,106.8996294925459,50.829303670364304,606.6451612903226
166,3.89412288150933,-2.285968610500905,106.39033183140808,64.26641787792333,588.4639175257732
167,4.025217179082331,-2.306939684696722,108.08377000745229,69.21534500517889,612.96875
168,4.098476892174836,-2.3119347403930397,108.17914590214818,74.62922413960406,616.8333333333334
169,4.1016983729501595,-2.298050094892488,106.88323442247292,72.80604567524766,619.8857142857142
170,4.173418405369105,-2.2921991266165356,104.91768450324533,70.90884277820763,582.670731707317
171,4.157112872707758,-2.2959431413300555,104.32714195843816,70.63062394024553,603.0376344086021
172,4.125442173862941,-2.292026047695535,101.23610902661284,72.71605637017511,591.4
173,4.182659649504265,-2.274376025110498,102.34957071554274,80.73395172380484,603.5555555555555
174,4.191204246545173,-2.261405108972037,101.62603303382781,73.63681792921527,607.94375
175,4.206004346656268,-2.2731234856803395,99.76009786002939,75.92368586631423,619.6608187134503
176,4.188856773174806,-2.2913147232022713,99.0786972290424,74.98298318714262,625.7967914438502
177,4.176245446941049,-2.3427863212916824,95.59361139909872,72.25395795153648,629.5145631067961
178,4.225908072925401,-2.357392917477685,93.671039544147,73.22375116586201,631.9095477386935
179,4.2994585731116715,-2.331619360651521,89.77059249844648,75.64300061629945,633.1592039800995
180,4.361219649584469,-2.3164786324610906,91.65247119827565,75.57057022270665,607.4510869565217
181,4.4305989814183855,-2.285074788090456,98.13398516996442,75.59180169961152,626.9668246445498
182,4.428890335791813,-2.3532634501195857,99.71486498543958,74.62107185893703,604.1620111731844
183,4.424947405910278,-2.338548595357171,97.0496599403021,68.02842627182625,596.5136612021857
184,4.422844784045586,-2.3787172917905752,95.80907105065027,62.58898260692531,595.325
185,4.415232630784555,-2.413361149574241,98.14342300079639,55.346791271171114,605.6575342465753
186,4.42616936143278,-2.403671195223769,96.68759623660958,54.5933900980957,593.7486631016043
187,4.426267875954752,-2.2962614573318256,94.34179524694673,56.36890849342176,618.6292682926829
188,4.387143486026809,-2.285108926611257,91.11099448111648,55.72531462462616,610.1117318435754
189,4.3806784932407945,-2.3490145874993447,92.17006020581779,55.86513613389012,624.5919540229885
190,4.397453577763657,-2.3654651839814975,96.54381348726147,57.089356221621365,610.3068181818181
191,4.433615790690632,-2.3793258397396455,94.86238039562015,55.993457811048735,642.4926108374384
192,4.437020632824236,-2.3843237229226237,94.52906673156555,53.733324494576834,618.8139534883721
193,4.4213272240962675,-2.4042152194302773,91.69212642617734,51.36875523597554,602.139175257732
194,4.428102974994877,-2.372970403726814,92.25713579490815,51.7252248695714,657.3411764705883
195,4.480791601688925,-2.3894040892897914,96.59546698406047,48.15763440392506,605.6130952380952
196,4.485732312609444,-2.4205605293204804,97.53861699352443,46.00708746893865,619.3372093023256
197,4.463765215583105,-2.3678209507017254,100.87462525644295,45.760371750227776,609.1129032258065
198,4.451738095509729,-2.386161893624494,102.0368366830142,46.33929370500895,619.321608040201
199,4.424695323445281,-2.375887998204231,103.9855973995445,47.135807865968054,617.683908045977
200,4.4509537344366805,-2.420201703618132,103.3575486948476,45.77224324503968,603.25
201,4.480438078312301,-2.5070833758786204,99.94603711694042,49.86922840862363,632.6603773584906
202,4.468649465541429,-2.4037867633941725,103.18974869844531,54.89639360916264,607.460396039604
203,4.488714118444803,-2.3980429632964935,104.5367864611701,52.361214520222944,595.4590163934427
204,4.479339362433932,-2.445612049925893,100.19384455036436,53.640113983443186,619.1845238095239
205,4.520792479216402,-2.510378446323345,110.75786407431066,54.219926375024265,607.4648648648649
206,4.535400780781035,-2.5125262368983536,109.62596815475474,56.32788224222376,624.7047619047619
207,4.47952151398261,-2.4602176899342405,105.90974210861044,54.133245440772214,611.1927083333334
208,4.4684502003901425,-2.547353992450785,111.5621625092809,53.080353364893995,607.4090909090909
209,4.485109717664006,-2.556151848501931,110.78753349860351,54.4899936834324,611.5515463917526
210,4.536488097249727,-2.6174956705842694,105.66935986283747,53.85849915391371,627.8495145631068
211,4.594178687332402,-2.5847455590343063,102.82710583227097,53.97046310639536,629.0248756218906
212,4.6542408929904155,-2.582076874525438,98.05148020573289,50.8993062460891,592.5846994535519
213,4.65578922348206,-2.6422491041765164,96.61533038763451,53.56916895745554,626.9726775956284
214,4.704615508617369,-2.644175971160686,97.01542900645762,51.406318945661425,621.5828571428572
215,4.722857215873179,-2.6909514522425817,95.09500782039056,48.11309245581547,613.8505747126437
216,4.7334319211461,-2.7053122484836933,86.70999362135522,45.98428361120821,646.4427083333334
217,4.739390974415496,-2.70409616536877,86.51361766440719,44.89751690692499,613.2270531400966
218,4.769273196446352,-2.7167712301817075,91.99795414590464,44.1682202736585,597.6292682926829
219,4.744182207390406,-2.6713259995400698,90.57174130672968,40.6585845869043,592.8042328042328
220,4.698832012892545,-2.665123397676283,91.99079399790811,43.92078658442571,613.5449438202247
221,4.755959345011816,-2.67802567849049,90.63942240735157,46.96703405175105,626.8860103626943
222,4.735856483824299,-2.7209161528419643,90.7116573740424,48.341378135657386,628.8932038834952
223,4.727832152595838,-2.7060693867364516,93.23495527216897,50.387716171757845,604.8815789473684
224,4.756665432885816,-2.7444744035201394,98.26790739009081,50.2563936996241,631.5021834061135
225,4.738154496411553,-2.7652948169515223,98.28931338360997,49.048568594445996,611.1237623762377
226,4.762515877629807,-2.7659632961286107,102.99584778323062,43.67238217102743,599.2848837209302
227,4.832059561171312,-2.758061261010236,114.0557112657775,45.56843012874647,613.879781420765
228,4.8543182776858345,-2.6480265416407853,119.7126259611938,49.27381044817525,616.3128491620112
229,4.802296336549295,-2.7553263263585825,114.74864787516701,48.3299079837502,637.9906103286385
230,4.803340117541706,-2.8630107248852603,116.5814772986689,53.58534288090903,611.17277486911
231,4.830041053022209,-2.9042841869822977,118.12832743203978,48.288618658073446,608.5285714285715
232,4.8692032681230275,-2.9604687377641326,123.62712989224698,49.53389002511265,604.7777777777778
233,4.854495064569128,-3.0345191319587825,108.93672158373766,56.50445260084839,613.3068181818181
234,4.815036214312965,-3.0217554684172567,106.85246467600662,57.85508567829648,606.0
235,4.761836603814679,-3.042158471537522,112.27638015854592,57.61652164943048,607.8115183246073
236,4.71337256140826,-3.092285550145488,110.85726850139729,59.537203896642644,600.0451977401129
237,4.686857944985313,-2.985169567345411,109.82479899844346,54.820630206213934,616.0714285714286
238,4.716347595142254,-2.997770092752547,110.40671308115778,59.90219440083775,607.9304812834224
239,4.768150584005544,-3.0585730172985386,107.67012711571267,55.28066041182858,600.7142857142857
240,4.7714539458969,-3.0827208745489005,101.77338282407442,60.41409490373886,615.7474226804123
241,4.792467001218177,-3.086297603702749,86.54329352497109,63.37247568657874,619.391061452514
242,4.744834100160225,-3.07786317631216,88.95054615479933,62.66332440328967,621.9944444444444
243,4.753093474933102,-3.071842466651568,87.68453191227947,64.26289988299455,602.9692307692308
244,4.776957421531484,-3.047514324055608,95.5761120525083,61.60045712677529,632.7198067632851
245,4.784489912642085,-3.0388608716990033,93.85710829828449,59.93720411800842,620.6410256410256
246,4.827943447287583,-3.0276393858728916,92.7651080079405,58.495035432552946,632.4611650485436
247,4.8123745297736145,-3.0659943182914473,92.17911740626876,58.505889605738986,613.5849056603773
248,4.877730875273777,-3.0189645315366636,89.17618144883343,62.20993238903903,609.3257142857143
249,4.948910215760068,-2.9716185490768567,90.6344584123135,65.81649280749598,622.2460732984293
250,4.974589430974369,-2.983358457701643,90.57891884909661,78.10291177149719,630.699074074074
251,4.980131762394398,-2.9018551476898193,88.85661751165286,75.25280515022365,607.1967213114754
252,5.018473556301906,-2.8647629551602347,91.65231744949729,74.81164374408877,601.1937172774869
253,4.942405278486196,-2.846043013460255,91.6712355330988,74.3078011775009,601.3444976076555
254,4.956797707608159,-2.909360728245738,96.5441469136112,73.2805140614012,636.9285714285714
255,4.962370543701533,-2.9929275174716437,99.53734327207114,69.34208717650401,599.8108108108108
256,4.947385259784825,-3.01427402700695,94.03529335319928,63.678786533207486,613.575
257,4.956948496327748,-2.9212531308734437,93.6474721814743,63.958934978803796,615.9625668449198
258,5.009874317437178,-2.9042617364884533,94.97100163455232,61.40143280437384,632.0698924731183
259,4.952998291445838,-2.8999004660199827,92.87962210898377,57.731245754661884,612.6477272727273
260,4.954719088450282,-2.9114408675982992,90.52098214558994,53.91739790724269,602.8829787234042
261,4.898294121842403,-2.9457533952381825,91.60017548080522,59.88975072070948,604.6195652173913
262,4.915294315943168,-2.940654619141036,96.70224042835594,67.1364134797366,609.4585365853659
263,4.946490132373828,-2.8951278718515026,90.27591621288059,63.65519944204531,613.3654822335026
264,4.91540875647918,-2.776649695547444,93.40181027592189,69.10496065151303,627.3519553072625
265,4.793426392745222,-2.618268760499605,95.12694322713988,71.06276629245968,621.0842696629213
266,4.7434923656322,-2.3423051943267224,98.27179331438637,75.45651353936226,618.8426966292135
267,4.769080142392779,-2.1938779128646244,97.11720331003231,74.79744960851646,627.0641711229947
268,4.768261789618575,-2.2027905664256417,91.98369601508831,67.91294032297269,581.7142857142857
269,4.7665048496187366,-2.1802262393710508,93.49340860426645,72.53821139744909,623.5248868778281
270,4.825625699368173,-2.1351692421703907,97.72993589210883,70.9700912404233,614.8449197860963
271,4.767901956833559,-2.0734788000903617,103.67184281438479,70.62489032226449,641.0276497695853
272,4.790156750974518,-2.1013564024587503,101.04482771578364,70.88136694686004,591.3734939759037
273,4.911810597690418,-2.1789293420017386,107.23677410608683,71.83407707662465,631.0408163265306
274,4.946140577814393,-2.1742429016582565,105.22130904572637,68.75538933575227,602.5698924731183
275,4.898481687454619,-2.120361270145223,106.47523811949432,64.15849386476235,613.5478723404256
276,4.894567785322831,-2.228554381018332,104.79151442818987,65.26297888122083,609.6947368421053
277,4.877135168492723,-2.1869235327817673,98.25173142851042,64.6934873635938,626.7189189189189
278,4.884993475295543,-2.187209482637193,96.49827389171945,63.33079046298491,635.6382113821138
279,4.909186391673572,-2.180469139107213,96.86518870305598,58.677535800466906,622.0
280,4.9267426077310645,-2.120103229209608,101.51674543639504,63.34341658894031,619.2596685082873
281,4.914959447483652,-2.0793962744821144,104.6063281749626,63.15876101763707,614.7395833333334
282,4.925355781544398,-2.061989728026262,105.74977604224462,64.88177863482522,588.0
283,4.966608764330156,-2.116752540992809,99.5307907607069,62.86495792834773,618.3
284,4.940638523297659,-2.1447123858742585,98.38296520284823,65.47304683090917,601.8921568627451
285,4.926816393412011,-2.1091960158604612,98.12630642224822,70.01253164050756,576.9619565217391
286,4.90889132449799,-2.1189497514448803,97.793202274674,67.39931587628845,586.979381443299
287,4.909759668803434,-2.165470119085484,97.46797268257474,67.9240645694586,608.0558375634517
288,4.909838483293612,-2.1501605288939167,95.97953327427129,70.50190978020709,610.7397959183673
289,4.880597050857275,-2.142702222265623,89.16743474538754,71.97661919810052,604.5867346938776
290,4.891253931129322,-2.21097345579254,85.4068833184892,70.20121916649464,626.9125683060109
291,4.8867659257284775,-2.2363377799504547,85.0407304270051,66.3829614495598,614.8358208955224
292,4.92720174157859,-2.221066249562842,86.33490433390183,64.04800841239921,629.1214953271028
293,4.944507554049123,-2.1951207421468744,88.53340227536052,67.86507106413443,626.5174129353234
294,4.89676189033975,-2.143108048374438,89.68832426018257,65.64080575326778,620.4536082474227
295,4.824394504976092,-2.1378373120581946,92.98284216549172,59.25727308743786,612.6119402985074
296,4.820637786870644,-2.166430869116466,93.22692339704037,62.229434718613376,593.44
297,4.772020201268628,-2.214543711725639,92.1099639466953,60.00669195602505,623.5765306122449
298,4.760043688549831,-2.197309861118456,95.24202627791286,53.33947287399768,606.8342857142857
299,4.719798186898027,-2.180831404561057,94.13728090181384,51.1493532108846,582.9175257731958
300,4.72129940354912,-2.2452724661186334,97.16650904255908,55.80035872231416,603.0054054054054
301,4.719818201529201,-2.268988917587769,95.43956384339229,54.293194420574295,616.9005235602094
302,4.743171243641671,-2.3705196228701433,92.42024188554606,59.25068661866958,618.1387559808612
303,4.8089143306503255,-2.4561612003312163,97.05602176784318,61.36486448672541,643.8105726872246
304,4.795427543683003,-2.476551961615774,97.2362528640194,61.47303842763875,628.0195121951219
305,4.772621894141204,-2.5317926469501484,100.68416595298942,60.34048475575027,607.780487804878
306,4.771232387988468,-2.5612526488431326,103.54865416722978,62.065105648652654,602.5860215053764
307,4.875766310696312,-2.6046781432497133,108.6327940233275,62.64580589236892,619.4630541871921
308,4.920725770557618,-2.591266626275367,111.35632441262888,61.019925457272265,607.1256544502618
309,4.947257595638161,-2.521715771255915,113.83341614976939,58.99540567169322,606.8878048780488
310,4.9948390284630895,-2.528750061718326,106.29036951444412,61.57582751051608,625.1263157894737
311,4.957761835759031,-2.5634750351135986,101.57263388996061,55.50487442715239,618.9852941176471
312,4.9048803017667035,-2.578218990628342,104.89310355441694,52.34860613537736,623.7216494845361
313,4.872119540237074,-2.622110350351143,107.27517710850861,49.04511981581306,625.972602739726
314,4.865404837416968,-2.6225431832815014,104.11577292139032,49.910308179127505,629.2751322751323
315,4.83710294666993,-2.6633169363322184,106.08416179806747,46.45260693045058,621.2444444444444
316,4.795567253306414,-2.685521217320829,102.02091620373375,48.402788670126036,630.6666666666666
317,4.81859900826961,-2.688156387613885,99.82984267156344,50.16597442355855,586.25
318,4.791493540826043,-2.6884944747492447,99.37287862122118,51.63734896435017,620.4709302325581
319,4.893261811517668,-2.6991774680273166,104.9917305766645,52.35034909403488,634.520202020202
320,4.88040894545831,-2.725480788060705,107.16660225795347,53.020373726155704,605.3406593406594
321,4.976197027980174,-2.7140033541723017,117.46844537130106,54.42471703940003,595.4141414141415
322,4.981250563822866,-2.686749223757589,117.84611934222568,52.6850082849885,604.9166666666666
323,4.987231359668546,-2.6766592435176886,113.43371888636896,51.42536174712385,592.8168316831683
324,4.979538107563694,-2.6617590940049514,117.27153155008463,51.96447570575559,598.1604278074866
325,4.96534118084079,-2.6738880195044086,118.9275036347198,53.91415660512544,591.0736842105263
326,4.993655024988394,-2.6714866693072654,117.90303570908505,54.09904902142494,595.3865979381443
327,5.051551795945261,-2.652940977988051,116.7162495342496,52.83205907132515,610.24064171123
328,5.083978703323787,-2.637507890494108,122.27089825672724,53.66752065216778,612.9608938547486
329,5.168454591991653,-2.654099343889791,127.93034562783102,55.482481886060526,620.975
330,5.260394644224137,-2.654681636393408,128.6923424727111,57.50597996124234,582.63125
331,5.348332933562988,-2.6824158458628755,119.53025152227588,52.809434358454844,594.2722222222222
332,5.306335918805335,-2.681315122831428,116.93048718353438,49.48520115991595,618.0056818181819
333,5.32356782656239,-2.652391544837146,124.24341535913199,49.15237542373501,615.4941176470588
334,5.344456241537523,-2.6692683115017095,123.23670957169844,51.379504913522766,623.3891625615763
335,5.366209015534381,-2.659631402238927,124.36372273671877,52.84280844962944,596.4193548387096
336,5.44539893203079,-2.6903056151885907,122.04444425823617,53.745707904778335,593.4095744680851
337,5.522521753066799,-2.7039368550742973,115.05287258739496,53.86430008255718,595.0190476190476
338,5.519528597250715,-2.782891934041355,119.3259428596023,54.38582484238735,610.2285714285714
339,5.473102154443431,-2.794327104645401,119.84336949176709,57.38511978217611,587.9608938547486
340,5.484038779809522,-2.7562316200410897,122.99916653949998,56.920132948496075,617.9572192513369
341,5.434588305196214,-2.814234522873875,131.70929288641656,54.90903563088614,604.1526315789474
342,5.428090393572594,-2.8115872980467245,138.38278848361335,58.16773263316853,600.0927835051547
343,5.4273326637883645,-2.7592344143309644,145.27303231714026,58.923982812003494,607.3684210526316
344,5.415006636382948,-2.7186659942242803,149.47486403450495,62.22150859661985,608.4507772020726
345,5.343214492177438,-2.6895780699406524,142.01239985215824,54.080301921439705,594.2395209580839
346,5.339820875154982,-2.65917544440783,138.19029059187037,60.36578429462225,615.0114285714286
347,5.392831601592611,-2.7169899110199243,143.0914786501826,68.72960799309077,593.1796407185628
348,5.4167825460821035,-2.7725217151036867,141.92854945635838,67.93426081979052,600.7171717171717
349,5.418745713456391,-2.73100213215786,145.48277896542726,71.6148086431023,590.74
350,5.428951758448207,-2.72166948326841,134.66942054934606,69.03341678901316,641.2210526315789
351,5.51426697984765,-2.7277667488942003,140.15768902818112,67.17277423331566,616.328125
352,5.595332756485573,-2.7216060879600965,143.5583588754436,61.90190690282988,620.2710280373832
353,5.542990827263039,-2.6468786555032575,142.3804986541501,71.70719911430318,604.62
354,5.468793835044026,-2.6274781971779424,140.36673346242935,78.93824651856251,626.2401960784314
355,5.417281729225324,-2.618129005718467,143.1263465509276,80.9393927168192,624.6888888888889
356,5.504956612119352,-2.5750869379192243,141.5221976231357,81.54322742113038,599.2540540540541
357,5.3743732322423154,-2.6100016338866743,145.54180790474697,80.16133273773669,613.2247706422019
358,5.427136128094049,-2.5958217349188355,149.5025756578896,78.67526120224028,616.7602040816327
359,5.386872928657163,-2.620268340319766,151.6575553959588,66.50355254036879,613.6009615384615
360,5.435197594853418,-2.641534233334301,149.11980838836004,63.99105302274807,586.7076023391813
361,5.573708687541083,-2.6336225733000735,145.0086946540029,60.635949111705166,611.7603686635945
362,5.495141316773593,-2.597287206728029,145.63572866998172,67.81106512067585,597.9433962264151
363,5.5551404483651075,-2.5668759557910743,139.69512966915192,74.33171651938616,634.1384615384616
364,5.667992679059373,-2.6015433622172797,134.65999679671893,70.53479572570369,607.7870370370371
365,5.733084218014482,-2.5837516853247275,127.03557908759996,70.44787086912129,611.7134831460675
366,5.754174740545366,-2.6727151572024783,126.0417226422968,67.39184065057289,602.4905660377359
367,5.770680121074317,-2.622298569904731,123.68427143298993,63.90208684954076,615.2982456140351
368,5.719065995435359,-2.6390635301382175,132.16990984085385,63.83374556553038,600.8090452261307
369,5.6713763053851105,-2.6031221854997897,132.56129707146073,67.43302122815689,585.8848484848485
370,5.687042772673049,-2.5869547838514166,132.1000850913994,63.20299232684372,589.4766839378239
371,5.691818476741675,-2.544425935350625,131.79139806388542,67.74670326202413,605.5632183908046
372,5.65681687572102,-2.511974186410807,136.3201979684827,69.86471429134129,628.699481865285
373,5.667299437294964,-2.492821457164579,131.03338729118778,83.0053490465513,622.6699507389162
374,5.757594538587005,-2.504815299948835,129.8322071084135,95.13451716458009,589.5922330097087
375,5.827434664159843,-2.506063885515079,127.11726283380163,103.77878091230994,615.1924882629108
376,5.835782978343248,-2.537111171010342,123.4435379597693,103.47011768006696,611.0873786407767
377,5.816559046518467,-2.534420255814113,113.3993097520622,100.9145726476489,625.8262711864406
378,5.796170913811894,-2.4580097762610533,116.35522431513289,100.43863241835037,608.6333333333333
379,5.801077889471392,-2.4351595342194394,115.47151536156574,103.96079257733511,616.5172413793103
380,5.793843689229108,-2.4822663138752095,111.12903018541653,101.87485188878931,620.4685714285714
381,5.812198105100087,-2.5026070686893336,114.72729999666566,97.9532160223118,619.03
382,5.787753708796822,-2.57565259406527,109.91173437270292,93.03467975870977,614.4205128205128
383,5.779670225711468,-2.608471134628265,103.33443513658284,90.41699926032337,604.1641025641026
384,5.732450458512023,-2.605859995656058,87.47004346947381,88.36613646898374,638.0879120879121
385,5.684919128305247,-2.5881344094722287,79.2101842570857,88.8313516606356,618.0970873786408
386,5.760053854387565,-2.578775463460424,73.50016450419872,96.82523428935089,613.5195530726257
387,5.770954757090403,-2.4311454364644156,74.79033564746852,87.6573202479903,627.0446927374302
388,5.7850027127085895,-2.4037320511901767,79.67586585429561,81.45861115141975,614.7621359223301
389,5.742709224742327,-2.419678003829245,83.63709350415692,78.6330895336872,612.0714285714286
390,5.7611259920247555,-2.496966373598807,86.29930904812667,76.06014541422238,623.6492890995261
391,5.747153741333764,-2.5250212428230028,85.90578769230181,68.95263892788456,618.4787878787879
392,5.734980534978746,-2.539455918246401,89.65939011401981,62.49009185297027,625.8333333333334
393,5.728952833456001,-2.544400123725623,83.18857400123173,59.98550451843522,606.8122065727699
394,5.700373850506903,-2.528482639836519,92.70850940733673,55.486200236217165,609.3903743315508
395,5.678123949623683,-2.514523238262942,91.12788787970713,55.39349534458498,599.042328042328
396,5.666520387606869,-2.5386922374313876,84.57179125409921,48.13544895182435,588.6421052631579
397,5.679806523791944,-2.580957440421303,82.60323878901679,42.97302147793021,613.7803468208092
398,5.700169720671011,-2.613354871432714,88.7538335384284,47.11221853784112,602.6716417910447
399,5.720329155573759,-2.635874275239927,91.02601482463537,47.38842064163005,612.7195767195767
400,5.7202327729293705,-2.6499726994440755,90.48795816395187,40.09464625400541,615.7788944723618
401,5.693351477094332,-2.6755792486696515,90.31686057167381,40.19147835061386,626.9558011049724
402,5.674333873668657,-2.6943802445187344,90.93300358607499,39.54893305624936,600.4771573604061
403,5.750605740433746,-2.6484512991658695,88.43301405832825,37.03159705784792,627.4520547945206
404,5.71810794936751,-2.6410235842233263,92.40044544167091,40.441129587857695,634.6571428571428
405,5.7121809594496185,-2.7605422718419055,87.60518826195805,40.68416077860449,624.8125
406,5.714818995652769,-2.8743253756599345,88.4795137306488,38.903298238157745,607.936170212766
407,5.759552700596503,-2.91180799771964,89.46905816525215,39.14637391449013,612.6417112299465
408,5.731940459455139,-2.972900034472737,87.24020974344745,41.811141850023176,617.71
409,5.733048997328948,-3.018353597397059,89.38126334212322,46.66035137344926,626.8872549019608
410,5.688959953581997,-2.997326735928587,88.11235798052276,45.161148575715714,634.3380281690141
411,5.6490127315935,-3.0343373265672566,85.96224067688634,40.02296889975926,610.4652406417113
412,5.6308739077984455,-2.9834320501188305,79.50654936273304,36.32745368127707,627.3031914893617
413,5.671301872787708,-3.0242393896654005,82.71493135700086,37.15875756266967,606.5979899497487
414,5.670702954330951,-3.0939058219412403,84.31753230615018,35.891888109332406,595.0
415,5.63057003575296,-3.091687823005646,85.39812777254473,35.18609485850995,605.4953703703703
416,5.596210181208266,-3.1253622260624665,84.90421865230006,36.76172333386133,607.1961722488038
417,5.5829948408420185,-3.1015821822720397,86.19816723529117,34.05404482862245,595.28
418,5.510990448981321,-3.1557807515152057,86.89318633475004,34.812431485449636,604.279792746114
419,5.531254479897944,-3.2190003278037738,81.99498919575447,38.29497803539278,624.3252427184466
420,5.507289779497581,-3.215275540939309,80.86835440134617,37.22354694687438,643.1160220994475
421,5.412577484267928,-3.217362111893814,73.0626004178649,38.00620528348693,622.61
422,5.368787141761729,-3.2177042099675224,68.68492014741038,37.37018130435247,601.3969072164948
423,5.375658572578558,-3.2140117136501654,79.27373473265595,37.28582548377748,617.774358974359
424,5.5035360570915515,-3.2263702013858753,86.19223281751398,35.311507859640386,632.5268817204301
425,5.5291037509136665,-3.2758989720687435,86.50906146122541,35.92120402035881,606.2777777777778
426,5.5612767322011445,-3.291952093659634,88.7905807337486,34.51286819370724,591.1902439024391
427,5.5327052567215125,-3.2954706369302684,86.25163800143555,37.386074784254774,622.1279069767442
428,5.536286512462021,-3.3429885380731665,89.23769031929739,38.72037694620029,605.374358974359
429,5.500701720436267,-3.3376016789259957,90.57414464826626,36.503808397837496,626.8479532163743
430,5.482728530738791,-3.3225084876883515,94.20421974168404,36.44897704541364,609.1859296482412
431,5.344169578928648,-3.303262071165942,90.10269336810086,36.89979255502457,629.133971291866
432,5.3265525572799906,-3.360362745607582,86.93301895014712,39.01430292262442,627.3878504672897
433,5.321301112768422,-3.4591260862410116,90.28071235905502,44.456450821252666,608.6703910614525
434,5.296872056311273,-3.4524177330292622,96.77734094549153,49.5917327722981,607.5806451612904
435,5.28641524760251,-3.4354699300247056,95.93704345786296,51.08295604355365,591.3948717948718
436,5.127570078354923,-3.494722237550014,97.92018222301223,49.78555772471746,623.6291079812206
437,5.09349711263929,-3.483222964164402,96.21650405626922,49.71272139302099,639.9567307692307
438,5.158219431381917,-3.4857304159478666,93.31916034240201,51.12175450212576,613.9215686274509
439,5.175753951683612,-3.4843987469791444,89.68423593857094,56.18769177653853,620.1657458563536
440,5.206835363865633,-3.481129867206791,89.64348891074162,58.73920691881242,633.5980392156863
441,5.112159861989163,-3.494626156193798,92.33017236578168,54.66714073540644,617.4184782608696
442,5.100370884497505,-3.4977264594416013,90.80761810927605,58.25857635339756,635.3191489361702
443,5.266348218119346,-3.5015195508447854,84.20189137285102,63.847095294281274,616.1634615384615
444,5.394152304010101,-3.492251920140878,82.20584611434795,58.6507261126629,619.3906976744186
445,5.389025298205696,-3.485669349223027,81.77665262539962,57.5541490843578,609.9109947643979
446,5.288691100779035,-3.4991920874410023,82.31091754707295,57.51004303722607,625.5
447,5.168374357270487,-3.5048219620876826,83.46321493703638,52.30730082328629,641.4624277456647
448,5.185807386806066,-3.5027549104746885,89.95085033047901,55.822683159225306,609.2392344497607
449,5.220498225294666,-3.533885410218565,90.29416828597553,57.19908110202984,629.5454545454545
450,5.171314662975167,-3.542561780242476,94.37879362968657,60.45362322043302,635.2526315789473
451,5.046043879477134,-3.5535913334398863,94.17707716401303,55.15236089743195,611.1237113402062
452,5.050661639903759,-3.522577338444207,86.98633108648812,46.18434221739245,612.2887700534759
453,4.985022315175144,-3.4852269732085124,84.8087383239865,42.19096192080061,615.6737967914438
454,4.97074633207593,-3.4813834117894182,89.4464440441907,37.86405273175298,611.3266331658291
455,4.932852838799906,-3.5020420515260744,89.823913452569,34.65857977864465,637.9237668161435
456,4.926242925348353,-3.4749091590206334,89.02845469201833,32.79631739253602,612.0729166666666
457,4.828414095323369,-3.465910142895618,88.264919631549,34.58117078760492,615.0625
458,4.746841239162579,-3.492909170909572,87.82590854367386,33.44984913426915,603.8465608465608
459,4.746830169484406,-3.5185275319027287,87.51439219221265,31.609530199011555,643.1589743589743
460,4.8516670951637595,-3.5082148630386016,90.34684072260241,28.202646290849792,615.1160220994475
461,4.748490525736755,-3.5219036163452984,87.91374714872543,25.098256365337367,597.5952380952381
462,4.781988526215734,-3.4701667243364227,88.91482117160645,27.18047923871676,611.8978494623656
463,4.706296271882916,-3.3909383750370896,88.86744709265949,30.89961694286922,623.2850241545893
464,4.616767951320544,-3.3159700560373815,85.20810925785709,32.882235731335335,626.8412017167382
465,4.629185087243474,-3.3685364844443817,88.44387093121863,33.46344746491575,603.25
466,4.553619015270303,-3.4223497320783673,95.37789839959945,32.517289852800694,611.2704081632653
467,4.539214921365562,-3.3772977961009043,96.75232283497266,33.159565767676256,600.2388888888889
468,4.485878492620245,-3.366007318256743,102.0406991469692,34.98081963526422,629.5388888888889
469,4.450880788524356,-3.3717736779190592,103.097199361584,33.40229440861885,613.7476190476191
470,4.442292564767056,-3.3576556191850875,99.89161287744619,32.98167700477096,617.864734299517
471,4.422952395971912,-3.39988721959124,98.17472575258547,37.106908200299024,620.1435643564356
472,4.324912563322373,-3.412202557940116,99.35915381528771,41.359615284855714,612.8625
473,4.231930079885975,-3.305025037021101,87.67763109886106,35.100578152998324,632.8994708994709
474,4.276451016505788,-3.2125712854966615,80.83147364497405,33.48319112824552,592.2835051546392
475,4.343704880721573,-3.155378198611728,77.54128223516922,38.05229048729775,597.8415841584158
476,4.349895071195217,-3.1525938727731013,78.66996261274004,40.091383207340684,602.8229665071771
477,4.419822646568469,-3.1748237865878237,78.59156075651492,38.08827648049999,621.6216216216217
478,4.430467394347527,-3.1353486953555367,79.3414198566706,39.83307643852507,618.1641025641026
479,4.4683364984480525,-3.1655529411239463,78.17545818449787,37.89528242025924,628.8351648351648
480,4.494937030903325,-3.1828756818032913,80.0161782866273,36.5994930964995,610.848167539267
481,4.52325649639578,-3.200398692332705,77.56438432522624,35.44369499497274,626.2905982905983
482,4.557314735927676,-3.1809557431364737,80.56456191460173,32.28127310046255,612.3279569892474
483,4.5793771473378255,-3.1509681549831345,79.72285187461743,34.56908575431643,585.6363636363636
484,4.623846552326472,-3.183309619978896,76.02789041705776,34.1423179057356,594.0361445783133
485,4.65581067773903,-3.177439460438254,86.6054123100593,34.66341630937452,618.2422680412371
486,4.668211579692415,-3.1466310064495224,95.8135683805769,34.63042310339265,600.4328358208955
487,4.619085388031478,-3.163331678319983,93.32222443825964,34.29900607904474,599.9162011173185
488,4.616660496886909,-3.19125029207425,95.4039637653188,32.4769644612186,609.0231213872833
489,4.697538833077014,-3.2055445829891154,97.59019245278031,29.007760959671764,590.8497409326425
490,4.865151799995268,-3.25773535536828,96.90413117834765,29.136717262401646,625.1690821256038
491,4.879299788993035,-3.2716014663633226,95.60460764875913,25.92398284680215,599.1081081081081
492,4.888673330354015,-3.255895883607318,99.05211167920675,25.507695823412323,626.2451923076923
493,4.867030153178369,-3.2722387052775743,97.63403999801513,26.676190537864766,597.4971428571429
494,4.881892278719689,-3.351598321260171,95.5314421602331,31.012231974383557,595.4148936170212
495,4.826183004131094,-3.4273215004952413,101.34798497672138,35.199323271800225,630.5
496,4.82482466517311,-3.423988161092926,99.69431935433511,35.468766455236974,615.315
497,4.824897405553186,-3.4683404648544083,98.04928060273762,40.43616839272468,620.9277108433735
498,4.838649050471919,-3.446150960910816,102.1464274983198,39.88541968109833,597.797619047619
499,4.8897435426755855,-3.4176456183530566,102.68568919938996,43.423341991267534,636.748743718593
500,4.861198043473226,-3.44340364439484,110.15004563340561,43.29493066138872,580.4427083333334
501,4.929280664126427,-3.465532135528623,115.57631453312963,41.98753092219726,623.4022346368715
502,4.912099629073517,-3.456295964188032,110.29483271642627,42.654358794912824,598.5392670157069
503,4.9300250375127765,-3.4712311759199306,112.55746212400813,40.379258217095355,620.4792899408284
504,4.988103636512492,-3.4720057847055417,112.91765086936422,35.80675362352633,611.7425742574258
505,4.959338475628722,-3.4482409404858125,117.89995081157741,35.83934271127613,604.0971428571429
506,4.982599583457573,-3.4317455636429948,121.9182988545063,34.60773801932953,600.845
507,5.025477186684557,-3.420389869415875,120.9339572391685,35.057899651810324,574.9058823529411
508,4.9691515927342005,-3.410341250903446,120.6775636233357,34.82277270143784,630.979057591623
509,4.976800866664796,-3.399263042365323,115.88835896884036,31.824445999051115,576.6190476190476
510,5.0045482811676925,-3.499261599814046,112.3340290112341,31.20873573526911,608.6580310880829
511,5.0316692182101255,-3.5340320176902895,110.53026136221874,28.540803346812922,596.2663316582915
512,5.005276054371232,-3.415284866688532,109.19223243109472,33.74150315148726,599.7015706806283
513,4.9658201999875535,-3.32662683441524,107.86644440496381,40.584278005896216,575.3012820512821
514,4.854326269698727,-3.384346472966037,112.19703800766025,44.41845388404345,593.3248730964467
515,4.890126970538013,-3.3896445608559223,108.16995157385273,48.053158903264354,591.6071428571429
516,4.835208858479809,-3.328279260423443,104.70912962946139,60.94081020869562,599.3886010362694
517,4.865285888559756,-3.2867918320822067,103.46043444055483,63.08575646211355,621.0243902439024
518,4.855968404027323,-3.316774943520377,102.9487602851597,54.82903825343003,614.427927927928
519,4.885878410823585,-3.3029828974737048,103.64735244845619,55.42477894394343,619.9005235602094
520,4.893810902764088,-3.2554387348752427,104.59153883588631,53.39902895649737,598.3085106382979
521,4.886472764350837,-3.2255843838403093,105.4877500964319,49.97279579785496,619.2191011235955
522,4.912395124882698,-3.275626218927816,110.02507746679655,52.87043880028466,617.2904761904762
523,4.952877729156721,-3.246499463774951,116.4871116808177,51.28326644946246,601.7283236994219
524,5.007632282887579,-3.29150594477073,123.41286120191856,50.61650263571525,587.565934065934
525,5.059604927178175,-3.2868648472937285,130.356197056274,43.12855277348449,595.8290155440415
526,5.089530943763868,-3.257328625189251,144.90973270983326,41.348503297156896,607.4923857868021
527,5.102242002865799,-3.2831354647985296,142.63917122603914,41.96426742208236,624.6345177664974
528,5.081629717312436,-3.2685635108181277,136.95423920192587,42.25983245788679,612.3908629441624
529,5.114234013713226,-3.3159857797001293,133.56064555107915,42.7192107838606,590.6190476190476
530,5.111615411992348,-3.395490740958816,123.92189888269779,42.667989700901856,616.0582524271845
531,5.1050017436358734,-3.421499042133781,126.12958465532,43.30343294550564,621.063829787234
532,5.114464321575684,-3.4268399430248957,133.3797600471044,40.84200275132795,620.6519823788547
533,5.165394178400593,-3.401402557735701,133.31141792093447,44.60575474589655,595.2962962962963
534,5.161096821075685,-3.3555906420561636,128.73110895436773,43.715676559517334,616.1238532110092
535,5.181354913776326,-3.3691628229531947,119.87907098089865,40.47032400499822,611.4479166666666
536,5.211335703955346,-3.338752579362241,118.90742810061667,42.3315243262989,608.0377358490566
537,5.331273791219716,-3.3377945803707862,133.10267247093293,39.249134122945684,615.026455026455
538,5.320003971183009,-3.3527792897303943,139.54657931959025,40.725614608140056,577.9781420765028
539,5.365236012273644,-3.404075982969932,151.439585258233,36.23370518298016,588.5578947368421
540,5.357491631885981,-3.2913910817370216,146.16206245808345,38.22273425172275,619.8341968911917
541,5.381094007175465,-3.2233973148098687,150.9395917235743,35.43725893798871,589.9939024390244
542,5.486447754691204,-3.2273692185799425,147.2561236039719,37.87882411216182,609.2761904761904
543,5.428662815108905,-3.2360480611866307,149.75044472614934,41.183810162914114,589.4147727272727
544,5.550548756667395,-3.232557918451257,148.2341923482957,36.23760043486916,582.3636363636364
545,5.650068738251179,-3.234999059750724,144.64898738301204,39.01285858604393,603.5777777777778
546,5.7928242645514105,-3.218228294609708,142.86776954435882,43.99592622288916,609.122641509434
547,5.7290770903516055,-3.207948438045216,143.89314800443023,44.90780457359467,596.0700636942676
548,5.850600273669086,-3.2337433281275048,146.00315467369404,36.79725586482995,598.6030927835052
549,5.875776274869556,-3.210041995204228,144.37269708979954,41.822257999342305,605.2967032967033
550,5.91625208552955,-3.1817902414504236,142.37142848436935,43.67142538045172,613.7109004739336
551,5.786017504192894,-3.1894215673328716,146.8505042402635,48.675858714517425,602.5598086124402
552,5.8049470946228485,-3.199929597088842,143.30105470511805,49.769950883833516,581.6178010471205
553,5.789457517630863,-3.203808616319158,142.80099604188234,45.543503821755756,587.2272727272727
554,5.9532117167451535,-3.1987817819325377,138.39697025553406,47.68132891300254,584.0843373493976
555,6.0523756686268415,-3.2077813451242316,133.82036340211437,48.68706829528812,631.7867298578199
556,6.204567735937661,-3.1943948318965005,131.05163639385017,53.30417493642488,620.6573033707865
557,6.250139838879443,-3.250266372147558,130.34176033004306,59.52334761787902,610.730964467005
558,6.272331013941748,-3.2591839824388904,126.94879802210477,54.70739128246127,611.6611111111112
559,6.251070412106885,-3.3021684582388824,129.39359091082846,57.774916880066776,583.5529411764705
560,6.30183204924206,-3.289693762048424,128.86639869547557,60.612712186889034,610.7842105263157
561,6.307844175246649,-3.2963062898695705,129.66617232896826,61.439303745387164,605.5263157894736
562,6.272953825253779,-3.296011058488415,129.8032323123081,64.28191560821912,621.8478260869565
563,6.225221585375383,-3.298577592945196,129.95780160152782,68.39302399885162,609.2712765957447
564,6.303266705009621,-3.2625344028145147,126.75480600768772,70.65926903867032,613.7624309392265
565,6.332410223901726,-3.231572325583363,125.81607173363564,65.68193886538744,597.1269841269841
566,6.3024729734025176,-3.2143517133123396,127.00969143227083,62.92144113883766,602.955223880597
567,6.30605614428723,-3.1871593841445782,123.72006650391133,67.09591247676505,609.2832369942197
568,6.305715851477466,-3.1858723284092156,121.50361863700225,62.77050038485934,606.0097087378641
569,6.296699996460617,-3.218074697282907,121.91725436920716,60.316400321039964,591.5885416666666
570,6.312100660262603,-3.2559914133937267,122.77359692303268,59.52995700906777,609.8461538461538
571,6.371384903824989,-3.2423502226539913,120.45703155188409,62.387991516599364,600.0510204081633
572,6.4765304256122205,-3.2448991020629467,120.75214301169429,60.39204591175971,581.5625
573,6.396248631486462,-3.179005221489008,123.85240151478793,57.39315705626638,625.339393939394
574,6.354449421632642,-3.189696496861712,128.5857695468211,61.31544328045705,611.0994764397906
575,6.351516674899981,-3.1745409350838822,121.35186059193006,64.55002057773984,622.5849056603773
576,6.356991233197514,-3.1502414352375383,122.41199487014867,68.2908213962363,624.2087378640776
577,6.3931442597810815,-3.181928855699168,123.17041749936193,65.94175219238545,596.1377551020408
578,6.431388795933169,-3.159667921521574,124.76350640263543,53.768945729375105,585.0
579,6.4403046604573735,-3.1706327705331616,120.16532732284588,54.436946574049315,614.8723404255319
580,6.46677997738759,-3.195597897294574,120.73894603729643,65.6230454185058,613.6833333333333
581,6.506189955636752,-3.1760824826136727,120.00493423429002,63.475052402808686,592.5879120879121
582,6.642864357056871,-3.286583368796291,121.54525282441735,62.38620286024735,606.1752577319587
583,6.713165943792498,-3.4378105368206255,111.93962052708929,59.27287908022166,599.6354679802955
584,6.738056792856636,-3.35782392273758,124.34893616053039,62.56340338226694,627.6697674418605
585,6.690104558852461,-3.427424446860759,128.37818732935582,62.025858871718,597.8652849740932
586,6.733476695729607,-3.5024973294470656,129.34060560935794,65.27949139082165,612.2222222222222
587,6.692230129488644,-3.626405864552081,131.76851936087039,67.64754125207031,631.1123595505618
588,6.73116056542462,-3.69806123622811,127.65606227501442,67.84772250360845,611.893023255814
589,6.665126211820826,-3.757031881925293,116.51087272148303,68.81976398785889,613.1989247311828
590,6.608220855356251,-3.75227243078164,113.61086870274823,66.50747268190541,619.9510869565217
591,6.544140801830181,-3.7808526479432745,113.50270982257359,66.56902116494267,605.5583756345178
592,6.628011250417779,-3.798010901608942,116.64704898114904,64.76580327040708,612.2905027932961
593,6.6690167846965185,-3.737902921202248,118.53314803591007,65.74077867421818,618.7815533980582
594,6.587780361119853,-3.765823091470644,120.25659427548145,69.52170673313485,632.0643564356436
595,6.5729058499797945,-3.781626672859237,124.58838122120005,70.95775566049835,597.780487804878
596,6.699956894958609,-3.8223424561025694,122.80557349062786,70.15601604215496,601.8121212121212
597,6.744200485727927,-3.7609404294791315,121.73132192435105,68.7051226420477,608.1890547263681
598,6.785084000801549,-3.7995347684812235,126.5427631761116,72.90047732127827,607.1511627906976
599,6.733437220783718,-3.7625442808650336,128.49216169899253,72.14775025582445,604.1797752808989
600,6.659430095419448,-3.943955949333684,120.64202446807268,68.67582030144855,591.7387387387388
601,6.629580673085731,-3.8644117297333462,120.69406744861008,68.37942233790983,619.8628571428571
602,6.69153067098279,-3.687032197433831,122.75357555869186,66.12330137279277,606.8994413407821
603,6.592252912028833,-3.438969035388905,120.91647515506821,64.95419562435477,614.2316384180791
604,6.592052365934439,-3.479796130558962,115.5135455103947,64.44354709921878,606.6111111111111
605,6.550953887576664,-3.5785525185826645,113.89393130351958,68.35619352773985,619.3396226415094
606,6.518484721331232,-3.6085401514250295,112.1107649116352,70.69544982041192,617.4888888888889
607,6.581654816390494,-3.586275099890512,103.44418752886043,69.21444535859996,626.0478468899521
608,6.636275072305584,-3.675394047768348,98.81245502179812,72.15439909921618,648.246511627907
609,6.735500870529396,-3.7297575187237397,101.3404087487351,71.8128507233001,616.6027397260274
610,6.735543232558107,-3.8448331781155485,102.21554515639613,76.2224487144915,594.1412429378531
611,6.787388267610888,-3.8769400390164366,111.79113307341228,79.12511071474732,607.2670157068063
612,6.828024913646005,-3.8430691794416063,117.68236884594796,75.93130753128185,607.9845360824743
613,6.888653889668934,-3.858918841367786,126.72663343278042,71.04762750523739,614.0894736842105
614,6.910083423170103,-3.856692496312024,127.01112925379242,67.37309159695248,620.3532338308457
615,6.8842189305342085,-3.825737792425916,123.77081884978557,68.41954893289815,623.0483091787439
616,6.886713660558717,-3.8189192289133436,124.27378207705614,71.28178515313003,599.9528795811518
617,6.913987405055149,-3.807335888769629,125.10590012506184,67.95034493934064,589.6627906976744
618,6.982733370942452,-3.794153810137816,133.12386051077712,63.661588295414376,621.4527363184079
619,6.9955765751111825,-3.8575253803972114,136.0741238694481,61.60200953089614,613.2131979695431
620,7.077442112491038,-3.929563846189747,132.1823937800348,54.519680479508686,607.3601895734597
621,7.084088458281066,-3.830042124724546,132.45859701975624,53.823992908382294,602.9459459459459
622,7.079000124938408,-3.769459543787141,134.5264098593278,58.09200493453428,592.1081081081081
623,7.210039567012888,-3.8653654892603386,134.91301330070863,51.16594358970588,616.3722222222223
624,7.31050770674801,-3.844243810903833,139.63820350390588,46.16293579491536,592.6197916666666
625,7.340243885149489,-3.8477567200279936,135.57275012551497,41.80867192149689,617.2864077669902
626,7.358192981788376,-3.8802272000662192,134.52210039351544,40.501402340492774,641.6036866359447
627,7.241880497511531,-3.902783478354753,127.86976410756814,39.39773026952159,640.75
628,7.236847759370574,-3.902725144604643,128.9313539145304,44.371110555609235,599.5930232558139
629,7.249521750740486,-3.9144692176282354,128.02581432692233,45.92155559149313,612.7661691542288
630,7.127040450263181,-3.9634417358011276,122.79105857579391,42.77811379705295,629.793427230047
631,7.107930193651245,-3.9526006991481992,122.41736277313333,42.56333981442809,613.3850267379679
632,7.060491788488859,-3.8773910361925497,118.15611947023537,44.505138737123005,634.9004975124378
633,7.011602335034735,-3.844317631995005,119.52240162228735,42.39434430281554,635.2289719626168
634,7.010689439345899,-3.7465577428770303,122.69229942052348,40.1577221007033,609.1542056074767
635,7.048689739313979,-3.7238880253627,124.87300769438535,40.824809977580976,594.9435897435898
636,7.006084052273305,-3.700584912386355,126.04268652337093,42.59160708515917,612.6443298969073
637,6.954512987947388,-3.7123582395775925,122.73374125563086,46.13588903867634,591.3947368421053
638,6.987929226026689,-3.6939166161736847,123.23112300674225,45.63433003105399,608.7329192546584
639,6.955234957931707,-3.6593228811771437,120.80263620604863,48.17775476686549,602.7616822429907
640,6.925459678298054,-3.6546403166046653,120.99876083966333,45.746013919731425,596.2131147540983
641,6.939152752905696,-3.48613941012112,127.72848373255731,44.06095881146097,594.7584269662922
642,6.9409441807092405,-3.540818415587948,127.94802741202365,48.75497518506248,618.25
643,6.976586006070566,-3.59943121979082,128.0288220922656,48.761932025353175,617.7835051546392
644,6.982303713797291,-3.635346398206623,128.42101560608165,52.590432893095134,599.1315789473684
645,7.012195034962445,-3.6277393987455326,127.59891969168316,59.3380700850541,624.0443349753695
646,7.038775592845346,-3.605613507806323,135.687649113247,58.22084193121053,618.6217616580311
647,7.043264969457438,-3.568312407108856,130.9640339320229,55.5133767126537,594.028735632184
648,6.988102734718756,-3.5706789046773455,130.0331768714478,55.7353475724056,598.8820512820513
649,7.077261191528778,-3.610696003966836,134.19696984802644,55.36571961386771,608.1890547263681
650,7.058250316400509,-3.609867228665646,134.9716290506581,57.78327083594177,607.695652173913
651,7.033799403537719,-3.6074405387983495,134.89453370990864,57.73916820424503,628.9473684210526
652,6.996007618648497,-3.6349768618998652,136.59497714234547,55.21320472506022,601.1589743589743
653,6.957620327299726,-3.6554323651733336,148.56427071811905,51.65206737652886,586.3684210526316
654,6.918938068367548,-3.657580245307516,153.6620487037344,48.84980448985683,591.3867403314918
655,6.921957718513484,-3.6628168400748597,147.2625020131479,49.08818143225198,607.2666666666667
656,6.958587319083241,-3.714870044702296,135.93211457125648,54.54114001643149,619.8867924528302
657,6.920496988721586,-3.704622570585891,130.8921941313782,60.979806751155905,609.9479768786127
658,6.924977555919268,-3.6775422607319608,131.66974326060387,58.48108823577431,614.8186528497409
659,6.964774339766375,-3.691919415844904,128.07406589139248,50.80849549175148,621.7116564417178
660,7.004732388231073,-3.7465861079522864,126.43613678580456,56.2565522382814,598.8315789473684
661,6.980651007376433,-3.7559125223428795,118.16774907487589,54.49045639749915,575.871921182266
662,6.9492772220602825,-3.7343778892270043,111.41353780565747,50.23707943911417,608.0621468926554
663,6.924099401255752,-3.756360612710311,100.54946375754757,47.89191918946325,587.7987421383648
664,6.93508908121654,-3.7231663310016763,98.96668675217684,44.86116028236529,606.1179487179487
665,6.9311886686819255,-3.682308042031339,98.25607364370484,42.855257735017965,614.2443181818181
666,6.922510243110745,-3.7050234267970454,93.6916919989394,48.02665807553838,636.427807486631
667,6.931438754871769,-3.6710113927567933,94.9124945087759,44.26679437647158,621.3846153846154
668,6.944039182114336,-3.6057561536735467,89.79662884155776,43.47584987634802,628.9574468085107
669,6.866935885425719,-3.6001974987981993,86.25739148435008,42.5693037433219,617.5705882352942
670,6.844320201969874,-3.5928182283832486,88.88028070329284,41.1722344995795,599.7294117647059
671,6.854553989657915,-3.60853141216372,90.42146331266417,40.44359083725563,578.0277777777778
672,6.793536170709869,-3.561391297156461,102.28780241194804,43.242600551036894,603.0867346938776
673,6.768652732640631,-3.5669650154873986,100.23400192785618,43.917546246427015,600.0909090909091
674,6.724901148627776,-3.6123815590497346,97.21252320127128,42.34844404113812,623.9487179487179
675,6.661662300653931,-3.5514548358879594,95.30588133105522,40.85904449629524,626.8082901554404
676,6.627323242415301,-3.5440884538895103,93.08640920928129,42.836033391374414,614.3262032085562
677,6.700384001668063,-3.5777381886927166,96.45023195460467,38.31177243983647,611.608938547486
678,6.73352240463039,-3.6206281010860537,93.2568930998502,37.50129765485898,611.5906735751296
679,6.736256641341334,-3.6202782111481167,86.75013466017151,38.915175755009585,606.6046511627907
680,6.71432139359182,-3.601673083549176,85.45909819327285,41.486476361762925,609.8453038674033
681,6.718245405284355,-3.5936299141642367,81.92422834305123,39.46454074974137,646.0473933649289
682,6.714536574356866,-3.599155930864893,77.28721901037564,34.355355270259444,625.8214285714286
683,6.708683606720138,-3.594788774506205,76.74773299587694,35.55784092245869,611.57
684,6.6636705532793385,-3.6209931539688758,77.84385634053919,33.354019973506816,632.5336787564767
685,6.689939863907625,-3.6049753828278366,78.18495516617325,34.916077962206,628.8920454545455
686,6.703312064666055,-3.663895226984709,81.41968001098813,35.111617619148,627.8915094339623
687,6.690994034639632,-3.74695679746456,84.48558108505713,39.33747687478143,603.6036866359447
688,6.67643512035076,-3.7939849283384914,87.17538523357324,40.35846014607975,605.4560439560439
689,6.68522119074879,-3.799019983884523,89.7086756433601,34.132892659662616,613.7272727272727
690,6.6547371858251445,-3.762740951632028,87.6990083972926,33.717947853934184,634.0673076923077
691,6.640874315474858,-3.74482240962599,93.82860677742879,38.034494022205024,628.0939226519337
692,6.62535046817411,-3.7402574197259906,93.10120498463354,38.29153182657224,616.7555555555556
693,6.615843382686143,-3.774710632525495,94.69505425992112,39.00476539739467,653.2777777777778
694,6.62311759444319,-3.7768233135415743,93.83676607706973,39.13046664669474,627.2154471544716
695,6.618342750691704,-3.814519780652402,97.675991778648,38.94151833423078,592.2266009852217
696,6.651057124116707,-3.8648563835477723,98.68740577866083,39.399243094419745,608.5636363636364
697,6.694629271140109,-3.9078141041065795,97.59962508909369,43.990115748215715,615.390625
698,6.753401913725631,-3.9301184462437817,98.83990729726986,43.45865372191221,630.3526570048309
699,6.792411822538567,-3.9463848358416564,105.08225033828559,43.84885566375231,633.3504672897196
700,6.776607136320237,-3.9507792778987616,107.17903339631168,48.718242359756275,626.7150837988827
701,6.815313377768867,-3.961455722336386,103.55569050132779,44.43416826984083,593.3942857142857
702,6.836942959980014,-3.856864967797171,106.83259544564815,44.68591291325066,587.7515527950311
703,6.765953607888226,-3.8054444176217683,104.48089543716877,46.4330121476983,617.8396226415094
704,6.699088998896661,-3.8362565598337555,101.48106491786149,41.79108904175912,629.4218009478673
705,6.703732301849161,-3.7755611854709277,97.60046574213412,40.10202896414635,595.1506849315068
706,6.689162129685115,-3.795911281525695,94.99692948208062,43.71393381329014,620.8698224852071
707,6.654438197006622,-3.7890325758166,98.51101172184656,45.27060274081875,600.9270833333334
708,6.608392771382403,-3.744518128995769,91.77472581786566,44.23526330311603,626.0784313725491
709,6.52259000805936,-3.7331577100843147,83.66992226500287,44.85170933760959,600.5467980295566
710,6.540743695105424,-3.7916115088402242,86.35337861035961,48.97752852577355,621.3364055299539
711,6.613866776142542,-3.787770861765274,83.41366731174848,45.52065217566828,636.1262626262626
712,6.63481818888976,-3.77969756664598,86.18121152415256,46.88627351352504,632.3917525773196
713,6.6762741375829675,-3.7636205946311554,85.30011917615148,46.75508799106697,609.0696517412936
714,6.680132323548847,-3.7262579394010884,84.56043473458676,46.60001917045217,605.021052631579
715,6.8266799260837105,-3.6670879450768665,79.6007580795447,41.63754511157949,613.074074074074
716,6.796320770550567,-3.697583320561309,81.69728520876403,31.8839847058447,617.9351851851852
717,6.786254065339562,-3.638177567782058,78.85998902313159,30.28069216650965,600.1822660098522
718,6.835660110296915,-3.617095272284799,77.78476532850138,26.32286178261457,613.2824074074074
719,6.865623601035225,-3.5731989349352333,79.02502398131685,25.699993450416223,627.8230088495575
720,6.914106386221719,-3.630577877778295,81.81065060692366,27.70407781471779,605.1525423728814
721,6.869355427017502,-3.691728000145067,83.93126357067018,29.614172794500444,625.3349514563107
722,6.831682738409072,-3.673251419208157,82.01324748042487,29.60265585321319,635.1737089201878
723,6.831566025398576,-3.7144156031249347,82.58612257608095,30.53035157762673,624.035175879397
724,6.848742622433803,-3.724447788399179,82.17922962052756,31.25152232041705,585.1629213483146
725,6.84013159460376,-3.7254034413755974,83.74641252824098,30.253398076920483,641.1767441860466
726,6.809988995602006,-3.719692398428079,85.17777752772172,32.14155930970714,620.0526315789474
727,6.797907443036802,-3.751076363906571,88.117532071915,32.33567661343772,592.672619047619
728,6.754172723023546,-3.8012773337028105,88.13006948385105,31.13027726370319,625.2731958762887
729,6.758953621075612,-3.817612274226139,84.55358306703013,29.692557558688833,612.2937853107345
730,6.717411576622324,-3.853598380278413,85.26216314263716,30.68290637251114,612.1311475409836
731,6.769295739940116,-3.9050244987613345,81.65952970492894,32.43682557409517,605.7
732,6.8378874562781204,-3.932035683585939,78.17104112526233,32.062554920958924,615.5942028985507
733,6.8488093776310395,-3.9342208133048926,76.96486453070524,35.98774733519538,628.663101604278
734,6.820640353106133,-3.9366604343681066,71.94215821706362,39.523328701535284,603.3657142857143
735,6.829246461845628,-3.997478967727002,75.61221714134265,38.97574378523682,635.1894736842105
736,6.826535378189764,-4.034554926147745,74.19750096060089,36.02260072769381,626.6703296703297
737,6.787459065267105,-4.000382336046546,74.02415249105397,33.26999092294617,608.960591133005
738,6.807483670034499,-3.9963296303719673,78.8993400963043,34.02723577509348,606.6971153846154
739,6.828360751032019,-4.073358412727708,81.2115900457955,34.086807318263304,619.3988439306358
740,6.844807952638311,-4.082339246176401,81.81589129046321,42.299707783926536,620.6649484536083
741,6.854291720826284,-4.010645826431123,83.13158082475925,46.15190953817898,601.7272727272727
742,6.874189909582963,-3.972785262016192,83.30054915944594,49.85156431760828,614.8275862068965
743,6.871828104124703,-4.019588366575661,83.1184458597015,46.191911476687984,610.9107142857143
744,6.863570826737336,-4.097615107030839,86.7343927617141,40.88200992154858,629.8493723849373
745,6.867282526870111,-4.129634528004411,88.07636005023828,41.8461998531693,610.2947976878613
746,6.852566700849391,-4.201723031409789,93.02450093254676,41.68581175573572,626.3872549019608
747,6.902084542610423,-4.142485020326449,93.82141577600439,42.86981621327617,617.7860696517413
748,6.903881385565337,-4.140158337651081,94.94410424195756,44.75149296412428,630.425925925926
749,6.866788638067132,-4.17533453152679,96.22384317869432,47.38043948685964,596.75
750,6.766819109761254,-4.162743846807821,99.89155898370524,49.69106660139556,622.659793814433
751,6.731283114238547,-4.2035143393984375,106.97450396903706,47.46615091521875,612.6041666666666
752,6.8185935767637496,-4.256601598570223,104.43086943432559,40.99330278469628,596.7619047619048
753,6.851063473125275,-4.318808710121423,102.17094937181422,37.58188745200219,610.2620320855615
754,6.864115030572456,-4.339754151595163,94.44588651208358,37.01869810104741,618.0473684210526
755,6.906948159535765,-4.294752521656033,89.42065080167482,35.596026763741754,614.4266055045872
756,6.945950609200552,-4.278236601582986,93.36832013355813,34.2811677424146,603.1526315789474
757,6.9440107856884055,-4.3521611609726865,101.07085284393509,35.992879052859934,630.8081395348837
758,6.990949580905198,-4.425795384772888,101.41713945450698,37.850909961245,617.3977272727273
759,7.001595523812217,-4.4260192099843385,101.27896174232914,39.921646494824664,618.1276595744681
760,7.004905445411165,-4.4603936294853845,103.84280531956718,39.30328615006932,649.4855769230769
761,7.042941244130213,-4.497739986696827,101.43204136979422,36.90077550228225,608.8392857142857
762,7.057629770613344,-4.467278133852971,97.03881948345375,35.14133088513313,630.9545454545455
763,6.955516773102498,-4.530525888791556,101.87496880432495,34.88608961577443,621.0485436893204
764,6.95466828635371,-4.492840709567529,104.7592323362679,32.95771332968874,648.7342342342342
765,6.94623209374131,-4.41513540153777,106.92397923710877,32.093661947835336,638.9004739336493
766,6.9313192157097765,-4.464682824104258,106.26848377614989,31.04947474704323,637.0
767,6.902463990184682,-4.548007609015543,104.5121570340061,30.22346053760985,620.9488372093023
768,7.001907452497409,-4.496853180681595,106.07984861446909,30.806496895343855,595.359375
769,7.075082127050108,-4.596600831743761,107.62364029085634,30.16846144630739,615.8288770053476
770,7.132980403153813,-4.717337864506039,106.29706152902352,31.789333294203036,612.2415458937198
771,7.131601919453338,-4.7182255227143255,103.97515905961356,31.232466971328396,605.3151515151516
772,7.130436044720678,-4.767435916984139,102.69913329105503,32.193180724363316,623.5418719211823
773,7.134332513658764,-4.757926321648573,103.97668353851137,35.55778084340903,606.1868131868132
774,7.1335022708721745,-4.793313618046352,104.23518923428783,36.57656060530247,602.5635359116022
775,7.164108632068913,-4.867153953133073,101.17245678500802,36.88037481628874,610.1587301587301
776,7.2023107244466145,-4.891506282646882,97.13658517639979,34.58896701528937,601.8061224489796
777,7.190214366629939,-4.923259674169968,101.54212019006762,36.84804477209301,608.0294117647059
778,7.162620918048259,-4.927675533824268,105.91246652675063,36.30430788720573,643.0738916256157
779,7.158568007554617,-4.989887717252988,106.26202036777381,41.04185978858906,650.7239583333334
780,7.165963145651626,-4.983715362200039,106.12765022656423,36.609254489251036,604.078125
781,7.153889613335364,-4.949862269352635,108.87088326306689,36.47796267682368,624.2209944751381
782,7.128516305567459,-4.925879059860123,106.52572719630786,42.50935286957197,609.4248704663213
783,7.1059236544110655,-4.983770232195486,107.38883627182784,41.63265033747769,622.2676056338029
784,7.092250066220228,-4.938386834133258,104.38090993880955,45.17589753341166,621.2670157068063
785,7.142598272616482,-4.955139452773309,107.4705544465728,45.35648950164165,617.6770833333334
786,7.169483278035629,-4.949319024520619,105.91666617227706,49.19750454657144,627.1725888324873
787,7.152205604057013,-4.928800862406606,104.57928995349806,53.92839981056867,627.0171428571429
788,7.119599744977592,-4.948411766885974,101.84061814494947,64.6843866915589,600.7368421052631
789,7.157103459258956,-4.982051560993983,106.21717984014892,64.1943572645659,616.9368932038835
790,7.15096390683386,-4.958743785926752,102.27401901889252,67.27502779796428,626.8663366336634
791,7.153476291166237,-4.956457979848151,103.34936719080305,73.21700880476513,632.9859813084112
792,7.198142699115547,-4.976434988527295,106.55023945537523,66.70862390510649,619.979057591623
793,7.236894779636845,-4.97745107603516,116.16586302929528,53.54191575166255,630.5663265306123
794,7.202486974095725,-4.954563850116804,118.09915969074022,56.35481163490637,606.7835051546392
795,7.199935502791658,-4.969380120807253,117.9837396255198,52.51371365463592,618.2433862433862
796,7.267699769612599,-4.974970253118734,123.71705434204762,53.064809020192385,605.105
797,7.228685326297734,-4.946217933792584,119.97767347354534,51.75294274213245,594.3828571428571
798,7.148109216521783,-4.953743807483199,122.00131570890366,49.47437705853374,614.6491228070175
799,7.154113343611707,-4.961099205854081,127.00399479109083,47.68129454516668,604.4598930481284
800,7.141486394811635,-4.972070639628386,130.73341131354664,49.91689461584101,612.1770833333334
801,7.161240153499656,-4.981474315391889,126.7961360102198,50.97124293391545,612.6752577319587
802,7.171537428314514,-5.004796348222446,124.836845029695,52.97212190354991,603.9782608695652
803,7.16414347249544,-4.948483531647964,127.49921256885644,50.504956408474094,616.6142857142858
804,7.183163248517696,-4.99054021129621,124.75318473048574,47.14919458172788,602.1435406698564
805,7.161378839789096,-5.006677556977418,124.09992962442809,48.79767549998629,599.7597765363129
806,7.086398707037646,-5.070543097672482,132.30249748954733,48.23759429406779,598.35
807,7.05890470698419,-5.015403881835744,130.05491170612075,47.416728437274976,619.7582417582418
808,7.06061244679792,-5.058467316990178,129.97602634928077,47.55769361141094,622.2938388625593
809,7.0730816614811545,-5.072542414472331,133.28203293884172,47.38044199355912,636.36
810,7.079037945495153,-5.043959127917594,131.47503350598944,41.89762366733911,624.6093023255814
811,7.086379388115635,-4.975855237079005,134.0985742537368,40.85051716443943,616.8177339901478
812,7.07104755134447,-4.95171018815222,132.9429024113933,39.61929825843894,588.7374301675977
813,7.101268921722767,-4.935552159915756,135.94310724926856,44.1507061864194,598.5894736842105
814,7.097079003821364,-4.897627933855772,130.80510398986047,41.88046104428245,614.6567164179105
815,7.129388435259455,-4.879224304300542,127.16561730760411,37.83725922325631,631.6862745098039
816,7.127039148709259,-4.817785193414133,134.44271331642486,40.44970018611371,598.2912087912088
817,7.090420682374613,-4.80441652012471,140.08860718257282,46.79948080735805,624.9064039408867
818,7.0508855484835475,-4.81153829132216,138.63348286555896,48.42855027540848,599.8019801980198
819,7.134120914405745,-4.899559242787314,136.59338734224195,48.252542538277,623.1105527638191
820,7.1364027767469995,-4.898655605263126,134.6984291875903,52.004799558497865,608.1028571428571
821,7.13221393927824,-4.882378595088859,134.72041796177774,54.80035532045083,611.6571428571428
822,7.0945244292639265,-4.843305353757986,131.22084408450755,59.6695895535152,645.8846153846154
823,7.061835114456956,-4.838414313113307,131.50607910601107,65.7654827247025,637.9010989010989
824,7.083256863115846,-4.873814038644854,134.64307720519417,67.72068897258005,631.355
825,7.102298374408193,-4.8751843268011275,132.8283399806178,65.56838352694045,609.5360824742268
826,7.125762441612876,-4.883995247509463,131.1060114067819,59.88009406244376,615.1675392670157
827,7.110557265363627,-4.849443234996618,139.3972014863696,57.6400594312742,610.8156424581006
828,7.11486392360426,-4.878588732831668,139.54847767700664,62.70631524195767,617.9573170731708
829,7.155599676796869,-4.872091482708438,142.19709089578458,60.79068712787337,573.7613636363636
830,7.151585126889172,-4.876753066232606,135.05396983657604,62.796878896758564,605.9946808510638
831,7.172625424716863,-4.85146971082191,134.96580289038195,61.103273167023524,617.1497326203208
832,7.180459330831122,-4.8281084059591945,130.06071459699405,60.347057536066956,621.4708520179372
833,7.204277242218334,-4.8235910926836745,139.49729623535217,57.42907227792554,629.4362745098039
834,7.191199716767673,-4.8252233334869405,147.31004454256632,60.74956146238903,596.6508875739645
835,7.185324639179575,-4.8467506234374795,151.92264927515274,64.82966271369732,611.2764976958525
836,7.2234387636119335,-4.853317559051163,165.3587933387224,63.58399582535985,600.0923076923077
837,7.272027400503073,-4.852984290587076,154.0848196985318,63.89682897712609,604.0893854748604
838,7.27660885226103,-4.855394367417821,149.5427632402937,62.63281185075622,603.1751412429378
839,7.245314220625979,-4.837739487534883,157.22301015337672,54.080261795672136,602.6632653061224
840,7.2585153508272064,-4.862661518251525,142.43068725635794,58.63537273681825,594.3872832369942
841,7.248049484118778,-4.906250503443615,142.16364533447103,60.7601467037563,627.7294685990338
842,7.312498554693277,-4.944639280668213,135.34523751315268,60.598343957977335,620.5181347150259
843,7.355185132809527,-4.980646385038473,135.649525520839,55.31207531191171,626.0742358078603
844,7.423353647937933,-4.999775844960032,131.42044917456585,51.956242721139205,630.0327868852459
845,7.477283320241528,-5.024847570366712,127.63840565282379,52.523476556006514,617.093137254902
846,7.468468013528498,-5.056941724451638,131.27728586070555,62.019174406758296,583.7261904761905
847,7.4603209867202525,-5.057128396251947,132.60089570401814,71.78721706265064,629.6284403669724
848,7.495104578130147,-5.0691308853877715,133.34758087746846,75.70707208901366,601.1314285714286
849,7.503487254068607,-5.053999878726469,130.23000270121995,71.05167090948875,609.1741293532339
850,7.512676829373277,-5.098625410798484,133.06286116855966,67.40637389044798,612.6685714285715
851,7.607108410121169,-5.117706088608442,140.66852307873873,68.01858832668593,606.804347826087
852,7.617062069038908,-5.081034062577776,134.40620714297563,64.05076189908269,591.5774647887324
853,7.557510761620461,-5.035017884132292,140.02565559142226,64.38214359577933,622.0987654320987
854,7.551569864748097,-5.074777945715086,138.22943062497538,63.480306009901504,631.2463768115942
855,7.5900342477424,-5.14370582861459,134.12985351516537,62.77272636425767,614.3315508021391
856,7.614809460585953,-5.163271372056512,133.77643995897355,61.61640589820451,623.7457627118644
857,7.696927341174502,-5.155436581334339,129.79792578093435,57.44997155486972,623.6494845360825
858,7.736224165165173,-5.16279896920667,129.67344875735398,56.20863097310462,612.7171717171717
859,7.693419937661686,-5.202253261578332,130.18657379195412,49.10800044225134,598.1928934010152
860,7.689353834201168,-5.18422639412896,124.5052785732326,51.06698867959368,617.0765306122449
861,7.735285259463198,-5.16902273607706,123.57761643116895,49.1534021419978,650.465
862,7.723725710056578,-5.1896475219643605,127.56952649815159,47.31284007955908,588.7182320441989
863,7.712314645436214,-5.187252029251763,130.20849592415246,48.88008996154931,604.7717391304348
864,7.693151548449754,-5.1838542926591415,141.68478244935687,45.02654476404747,605.7093596059113
865,7.73628428743375,-5.148280449683363,140.70581652717044,45.00706161012131,614.989247311828
866,7.7116908923414496,-5.001746837491445,145.74835889473073,45.64964162875284,625.7696629213483
867,7.7488790602999424,-4.987068539758082,143.6142716436141,46.19670967228613,586.3989071038251
868,7.7382704379359994,-4.954575403620092,142.6720436236014,49.50844803251083,630.5355450236967
869,7.749180726023847,-4.927122909213876,141.65716078008484,55.59420956488447,612.0760233918129
870,7.769184700048235,-4.946717516023277,145.91703338824,56.14235732445991,601.3575129533679
871,7.741455606808676,-5.076888393270539,144.63642191884156,60.17757160156305,609.093567251462
872,7.74447190311282,-5.181936150892942,134.8405327355602,59.67853177536753,621.3208556149733
873,7.698266964800703,-5.268012058302443,133.5224540807878,65.00344034360226,642.0215517241379
874,7.694052488703416,-5.1871775729081655,131.2247500576403,69.15662954118304,612.645
875,7.74221736861703,-5.190871629854965,133.0752287908811,58.0195308048817,646.2330097087379
876,7.696146277905351,-5.26500111205448,128.75233328141826,58.77454134429368,591.4653465346535
877,7.651356712232999,-5.3708457320625875,134.43871112455702,55.10900465299471,608.6019900497513
878,7.645061971007977,-5.300848180525799,130.5641347688946,56.63345914090613,607.9025641025642
879,7.600546433534497,-5.250322366900471,131.22701218570523,58.557107217341795,618.3333333333334
880,7.608981900646113,-5.368718853248475,131.86248335074694,64.92719595480436,609.109375
881,7.709366777941065,-5.273103784163222,135.75516997306121,65.66283213158052,611.9351351351352
882,7.7833205177166604,-5.14980646730566,132.09787550441683,69.10284337786094,604.303664921466
883,7.825316344731091,-5.168982646179612,134.14157027050842,72.99383649959336,618.6551724137931
884,7.814173964963171,-5.264773462715117,141.3072041368214,74.20127336467375,602.6758241758242
885,7.805152880835916,-5.301835117339377,138.22357356555187,73.20104098668467,630.9029126213592
886,7.775993929620443,-5.274539083374844,140.23643572690548,78.90709711605291,619.2159624413146
887,7.776335654945745,-5.277132194837374,145.63286104498582,78.93018644318406,614.1565656565657
888,7.79835659271838,-5.240859187226914,141.954869094127,80.05420567917398,603.0276243093923
889,7.800334357893186,-5.224762427102106,145.23282359913708,81.86808336129353,610.5339805825242
890,7.764245603932537,-5.265539697533915,147.5709504443335,82.0762814075516,586.8624338624338
891,7.784393957030629,-5.23418171555261,141.27739299072803,85.85996006629131,605.9903846153846
892,7.77349727303835,-5.253337825537188,140.47724129696957,79.1309006761765,607.5126903553299
893,7.785429412761107,-5.20452822540588,142.87983090789538,77.31787227356111,595.1658536585365
894,7.77813678754657,-5.187936263166358,143.01737467862083,75.10440298632409,623.7058823529412
895,7.8757958302566236,-5.188863799385802,146.79676634932514,74.32557811854085,636.625
896,7.887007734297865,-5.174499569670748,148.2055225299348,75.53445836433143,621.4328358208955
897,7.93630297466026,-5.0657072561413745,148.0566103239108,77.96580999870814,595.6945812807882
898,7.962541196534028,-5.068285188001445,152.0320057448932,72.9186520180764,584.1684210526316
899,7.968600018192259,-5.026073832164546,156.4166964250768,70.28307413682269,599.4120879120879
900,7.992870825420096,-5.057655864761026,163.78047794566524,71.1384854400361,575.7794871794872
901,7.92273959740842,-5.116287853977268,163.47699877354955,67.73057021232525,609.5842105263158
902,7.87475272056744,-5.097100483497393,161.48585793918411,66.68823596233655,610.3842105263158
903,7.894425234644496,-5.139022193354981,158.6880732953411,66.26849634557843,596.419689119171
904,7.868673331182715,-5.196984763748072,160.48708088618625,67.87335590324508,605.9141414141415
905,7.7886418722386175,-5.135624811848148,162.29715680907304,63.18553777714217,611.9519230769231
906,7.780901571904144,-5.145056358974968,155.6840099388564,60.59587018551253,627.675
907,7.805888164514005,-5.127066365730659,155.18198648417132,61.47146217636697,624.0268817204301
908,7.797921697099639,-5.155587094701598,149.05765168667875,65.27432473598945,600.2149122807018
909,7.817630796933098,-5.146058561011201,149.84700369331435,66.9847908221104,611.671875
910,7.729308279926747,-5.095809183499239,150.74465446966664,68.49171213619196,622.6231884057971
911,7.692171576999096,-5.130282536830124,148.52795864748165,64.32765570166033,611.0324324324324
912,7.702631356301063,-5.14131765424078,152.3769819309444,58.59394545615441,590.8191489361702
913,7.676103385466664,-5.0771700107573325,152.7469064934034,54.72598310609447,608.5538461538462
914,7.589548376342107,-5.120503166187822,155.20378326750492,59.79087134837086,596.4072164948453
915,7.6007081308958835,-5.107348387227435,147.9586332429185,55.14565784197119,631.3478260869565
916,7.6367254836822225,-5.086938928683255,146.92737078590855,55.57369117148686,616.6547619047619
917,7.611722711161944,-5.16344954547312,149.68640235661329,58.09769157707024,607.5786802030457
918,7.547493980064784,-5.150762948369558,149.56816803552238,59.953259220371606,612.5634517766498
919,7.538621958413024,-5.150436733295388,143.95001161482773,59.58979310758397,621.7188940092166
920,7.524249095193066,-5.138608207855497,132.70566540283284,58.16003106291197,610.4114583333334
921,7.5333825536011325,-5.105301758342463,126.89186710544651,55.570349118464655,597.2330097087379
922,7.486173511173914,-5.035032203679585,124.03537658379712,54.1737659901403,616.5677083333334
923,7.45676476347568,-5.0291386678900745,126.11520993524643,52.99027685333183,607.4238095238095
924,7.486082912745227,-5.016686093257502,126.1493802872489,52.885374591425744,626.281914893617
925,7.499510323277866,-4.868027040511996,123.40812679371807,55.80401840817165,601.9891891891892
926,7.515942395956435,-4.786016688237707,117.95758658236323,53.371192942193886,624.3268292682927
927,7.505270660344988,-4.8652343317190025,117.41865540004397,52.580586906446484,604.8920454545455
928,7.50360772310343,-4.932946917311764,118.54245195521207,53.63113049686555,625.3157894736842
929,7.5095336762954945,-4.894923434860573,115.30650242260221,62.7735320665819,613.7833333333333
930,7.519680335996365,-4.816303714004163,115.68386705313617,70.8553668867632,616.5943396226415
931,7.518359145393525,-4.787333126799583,110.55351127722702,66.77911780981509,633.2878787878788
932,7.60048899938069,-4.729557687534766,106.97700039405179,64.11425324684728,617.9017857142857
933,7.576846874904572,-4.721497411276662,100.81204787406443,64.04704005809259,606.6059113300493
934,7.552779642442839,-4.763693225928494,98.97172277594456,61.550610032475824,595.7048192771084
935,7.5454248309060645,-4.803158393909391,106.67959335073806,60.035610992156016,619.1715686274509
936,7.523432351936433,-4.816190557959605,104.7369721818944,52.83628086018396,631.3350515463917
937,7.524567671758205,-4.842501540638895,105.82282707246199,53.690553268922116,614.6632653061224
938,7.535503748195983,-4.919959243057165,102.91457206496725,45.312533538452826,633.3988439306358
939,7.540687415692245,-4.877384973368557,104.08579389745901,43.091156185437086,628.2731958762887
940,7.5310907642890195,-4.995842916904729,96.82954523635637,45.951828422844166,611.625
941,7.550446458608918,-4.99830087957786,96.71629768905484,44.133782505847336,594.2988505747127
942,7.54642496598406,-4.968344203990977,91.7705058323112,42.07686254594496,630.1415525114155
943,7.532518878655848,-4.999167079986319,97.43496494718431,40.726685670943915,623.3377777777778
944,7.57690465142945,-5.028523919983434,106.99944968092565,40.576546114720585,620.2450980392157
945,7.572723238500796,-5.012712614112037,97.24240648250102,37.62569890776644,616.8
946,7.525130029132727,-5.056966539418061,101.35560868203238,39.73515703292972,603.8333333333334
947,7.490858154868347,-5.0960053414844415,91.46213571163315,40.152633132672875,607.8965517241379
948,7.4833365666905785,-5.178805528510509,81.45150122083594,42.862225030087615,621.34375
949,7.416792103916717,-5.242013005202794,84.0675342281663,42.23192969541054,639.0442477876106
950,7.4285345082042005,-5.2659901760907895,78.02165524172825,40.76507599355053,601.5049504950495
951,7.411196323432493,-5.340133086095163,68.88380833202282,38.63221999333345,619.9672131147541
952,7.444717348163862,-5.2991958704040805,65.23881740228842,36.35846376747185,608.0871794871795
953,7.466582839222997,-5.308910105484738,71.54344888304587,36.48113202973076,631.0725388601036
954,7.538225188979439,-5.251182148700418,78.10787185610928,46.04945269805197,637.0283018867924
955,7.5588196412633035,-5.298727741177648,78.35157384049785,45.29151937549954,638.0725388601036
956,7.568109893332274,-5.261583178155437,79.37170862886232,47.1413238684067,626.8983957219251
957,7.593446320738076,-5.283581878291198,84.83808844726595,48.24198219848156,632.42
958,7.583927663618021,-5.294915864993531,86.48351916895001,47.07956986449046,625.4444444444445
959,7.560425393226233,-5.274320626008775,88.34134199151359,46.62560668106388,612.9351851851852
960,7.569848100490018,-5.309304932306181,85.99043682500347,54.912076938083814,612.7771428571428
961,7.521225141216957,-5.401928949087707,84.03177373459545,55.41064658195806,610.1218274111675
962,7.531389492828412,-5.4338235873557315,85.15902873516782,53.70752457628252,629.3673469387755
963,7.561729496180956,-5.459546599408919,83.19220205119393,56.3902622023692,658.895
964,7.543874960424338,-5.450096356028405,78.03458944578097,54.41198029211777,604.4673366834171
965,7.575403032424714,-5.453727783197483,77.98360521693772,53.815113345997986,611.364705882353
966,7.62822415098742,-5.388777156909688,83.26392980545371,54.291379940351206,619.3826530612245
967,7.611994377990868,-5.397388242269602,89.46015579728541,50.41831504920337,617.4782608695652
968,7.5725244109405665,-5.432586386766644,91.2968190601549,45.62068035191714,608.192118226601
969,7.580410638898389,-5.454002148962983,88.84244880057699,45.69219911079543,631.2204301075269
970,7.550924075259222,-5.429899457515195,92.62604405736218,43.68938040059731,613.699481865285
971,7.51840393593577,-5.468409907453755,93.95180533018538,44.89513592868222,623.6237623762377
972,7.483674413920958,-5.427481135608116,97.63778278034015,41.30425688884932,635.7604166666666
973,7.4748453273237265,-5.449443342564349,98.84226543110134,37.592766745083765,591.0828402366864
974,7.528874400563263,-5.440866904681412,95.9401133927011,40.64773527582594,628.2967032967033
975,7.598946204411885,-5.4604282274754405,94.3081358685899,48.54644862275365,615.5608465608466
976,7.584422244617917,-5.486845955222316,92.64132303346523,44.047439266110885,616.8756756756757
977,7.450007673796377,-5.47252728980971,98.85436097515995,40.35329951936521,618.9106145251396
978,7.462875784171051,-5.564954244830599,102.31562457903559,37.483853175047116,617.2
979,7.578324922316204,-5.612790968839047,102.05670930567865,34.18412971805689,614.3756613756614
980,7.630931560555687,-5.514150322451916,102.43259106039257,39.17619032631133,605.7321428571429
981,7.552789771864317,-5.495590812384709,101.7832129757427,40.20041955057909,592.0722891566265
982,7.590037524357437,-5.487307967431251,100.82478362246722,47.05460827515121,602.3232323232323
983,7.647951152189543,-5.504831912581136,98.34257864204724,45.309816075239766,659.6422018348624
984,7.6455914721031935,-5.629968932818463,98.01829137597649,51.89112006688281,637.9567307692307
985,7.6249170002005355,-5.659383729270408,96.27270043552694,47.76837723743,601.7391304347826
986,7.546821297791385,-5.602239402380379,92.12335888773363,42.22297373685695,612.096618357488
987,7.541080429325723,-5.620379356967743,90.91788904923071,43.5465585036963,607.066371681416
988,7.527649074623465,-5.614408243650986,92.33119515439743,41.564745978265,630.6959064327485
989,7.519835221005163,-5.5838581530289035,91.25429608425179,35.39967041300212,632.0796019900497
990,7.460347081672057,-5.580635034734607,94.63611474284323,39.25685444607958,628.0793650793651
991,7.417295394969165,-5.5909607943543485,98.11623095275706,40.772997886076176,622.2535211267606
992,7.521804268797527,-5.5773994680972,98.9691574515482,38.41097815067197,588.7244897959183
993,7.545837477455279,-5.640383786838676,106.89769716054144,35.080390289344614,618.5705521472393
994,7.492966266682418,-5.644759935959762,110.08054307734983,38.86601588004965,626.6633165829146
995,7.640544492462584,-5.702143285855985,109.75057613173115,44.64773333307851,603.28125
996,7.653175260853138,-5.71874084510823,110.46244175451024,42.6319544898829,603.4064171122994
997,7.728496395840659,-5.753645661617886,109.72756674674773,44.17392176545078,633.5471698113207
998,7.67318815740873,-5.7535119124081335,102.13967293825468,47.65884305052126,603.1755319148937
999,7.715144138205945,-5.682821218271445,84.24104773712277,45.88690608227174,628.4090909090909
1000,7.738853541603001,-5.6363045790614095,83.7105470778874,40.67606646260321,611.2524752475248